opensource,46046,carhacking,linux,noip,software,libredesign,programming,tinycode,realestatetechnology,cryptocurrency,gnu,coolgithubprojects
coolgithubprojects,20845,coolcstechtalks,compsci,cableporn,reverseengineering,netsec,crypto,badcode,computersecurity,learnprogramming,python,programming,tinycode,dailyprogrammer,cscareerquestions,opensource,github,dataisbeautiful,cablefail,coolgithubprojects
learnprogramming,370736,learnprogramming
cscareerquestions,118846,compsci,digitalnomad,asknetsec,netsecstudents,learnprogramming,cscareerquestionseu,cs_questions,programming,itcareerquestions,cscareerquestions,cseducation,telecommuting,jobs,coding
cableporn,95171,cableporn,idemonix,cablemanagement,homelab,conduitporn,cableadvice,cablefail
software,44422,learnprogramming,excel,webdev,realestatetechnology,gamedev,opensource,dailyscripts
reverseengineering,57194,carhacking,reverseengineering,releaks,remath,netsec,puremathematics,malware,relounge,securityctf,crypto
netsec,215143,reverseengineering,blackhat,netsec,remath,lockpicking,pwned,xss,crypto,sysadmin,privacy,securityctf,netsecstudents,socialengineering,computerforensics,rootkit,metasec,hackbloc,vrd,malware,cyberpunk,onions
brasil,142578,donnutz,new,faq,brasil,reddiquette,selfpromotion
netsecstudents,22996,netsecstudents,reverseengineering,netsec,techsupport,learnprogramming,socialengineering,xss,asknetsec
computersecurity,12003,security,netsec,techsupport,cissp,sysadmin,websecurity,owasp,privacy,24hoursupport,malware,commandline,computertechs,itdept,computerforensics,crypto
lockpicking,71317,lockpicking,procss
computerforensics,21064,reverseengineering,netsec,lowlevel,filesystems,cyberlaws,forensics,memoryforensics,malware,kernel,computerforensics,uic,antiforensics,crypto
webdev,163798,php,javascript,web_work,jobs4bitcoins,devops,web_design,forhire,webdev,freelance,programmerhumor,webhosting
linux,260094,linuxquestions,asklinuxusers,linuxactionshow,fossphotography,xubuntu,libredesign,commandline,linux_devices,archlinux,linuxprojects,raspberry_pi,opensourcegames,e17,awesomewm,freeculture,bryanlunduke,distrohopping,linux4noobs,linux_filmmaking,lxde,osdev,teksyndicate,freegaming,xmonad,maemo,gimp,slackware,linuxmemes,kernel,manjarolinux,fedora,suse,elementaryos,lubuntu,solusproject,postmarketos,cinnamonde,kde,i3wm,redhat,crunchbang,linuxaudio,hurd,linux_gaming,centos,linuxdev,xfce,jolla,opensuse,meego,krita,nixos,gentoo,ubuntuphone,librestudio,linuxhardware,gnu,android,zerophone,linuxadmin,blender,linux,unixporn,freebsd,debian,freesoftware,chromeos,hackbloc,openbox,linuxfromscratch,libreoffice,linuxmint,haikuos,bsd,opensource,distroreviews,openwrt,ubuntu,firefoxos,minix,gnome,plan9,enlightenmentde
asknetsec,23070,netsec,asknetsec
raspberry_pi,257463,banana_pi,teenengineer,chromiumrpi,orangepi,linux,cottage_industry,retropie,carhacking,stratux,minipcs,intelgalileo,chipcommunity,queen_elizabeth_ii,picases,osmc,raspberry_pi,beaglebone,odroid,microcomputing
chromeos,35360,chrubuntu,chromeapps,google,chromeos,robbystechreviews,lonseidman,galliumos,crouton,chrome,chromecast,chromeapks,chromebookgaming
compsci,122619,compsci,programminglanguages,machinelearning,learnprogramming,dip,math,programming,types,cscareerquestions,algorithms,csbooks,tinycode,askcomputerscience,cseducation,compscivideos,crypto
privacy,98270,netsec,privacytoolsio,marchfornetneutrality,privacy,announcements,keepournetfree,i2p,nsaleaks,firefox,freespeech,cryptocurrency,vpn,tails,gnupg,tor,onions,whonix,europrivacy,crypto
debian,18222,
algorithms,31546,programmingchallenges,machinelearning,math,tinycode,dailyprogrammer,cscareerquestions,logic,complexsystems,coding,crypto,datamining,osdev,systems,csbooks,askcomputerscience,quant,kernel,softwarearchitecture,cryptography,programminglanguages,programming,sysor,softwaredevelopment,compsci,learnprogramming,compilers
google,124283,youtube,googlemaps,techsupport,googlepixel,google,chromeos,androidpreviews,chromium,androidanything,googletv,chrome,naut,googleglass,procss,android,googleplus
unixporn,69879,upmo,unixporn
askcomputerscience,18125,asksciencediscussion,askscience
socialengineering,94223,theoryofpropaganda,netsec,psychologicaltricks,actlikeyoubelong,psychology,scamslayers,fakeid,propaganda,influencepsychology,gamesandtheory,socialengineering,hackers,cogsci,white
techsupport,113255,windows,techsupport,techsupportgore,talesfromtechsupport,professormesser,laptops,24hoursupport,networking,itcareerquestions,suggestalaptop,computertechs,techsupportmacgyver,buildapc,suggestapc,homenetworking,pcgamingtechsupport,answers
actlikeyoubelong,130798,actlikeyoubelong
hackbloc,15805,netsec,anarcho_hackers,socialistprogrammers,hackbloc,btc,wikileaks,tor,procss,anarchism,crypto
onions,60249,netsec,silkroad,p2p,tails,crypto,darknetmarkets,darknetmarketsnoobs,privacy,freenet,restorethefourth,bitcoin,onionlovers,evolutionreddit,cryptoanarchy,conspiracy,i2p,tor,deepweb,deepwebpics,darknetplan,onions
techsupportgore,188213,techsupport,softwaregore,technology,techsupportgore,talesfromtechsupport,dustypcs,algoretechsupport,techsupportmacgyver,oddware
technology,5543928,techsupport,netsec,osx,cyanogenmod,software,pcmasterrace,cscareerquestions,tech,renewableenergy,buildapc,archlinux,raspberry_pi,microsoft,remixos,photoshop,technologytalk,windows,kodi,amazon,ethereum,startups,futurology,privacy,gadgets,imaginarytechnology,apple,btc,cryptocurrency,realtech,geeky,internetisbeautiful,chrome,hardware,bitcoin,asktechnology,reactos,technews,technology,jailbreak,google,firefox,programming,selfdrivingcars,ios,engineering,kickstarter,android,compsci,linux,techsupportgore,talesfromtechsupport,learnprogramming,debian,chromeos,technologyporn,ubuntu
pcmasterrace,1097880,4771848,pcmasterrace
kodi,50093,cordcutters,movies,television,killyourconsole,addons4kodi,htpc,kodi
answers,105455,techsupport,asksocialscience,askhistorians,askscience,whatsthisbug,tipofmytongue,estimation,whatisthisthing,legaladvice,needadvice,findareddit,explainlikeimfive,answers,askreddit
python,182634,django,learnprogramming,pyladies,learnpython,dailyprogrammer,pystats,pythoncoding,flask,mercurial,ipython,inventwithpython,git,pygame,coolgithubprojects
ios,40122,iphonehelp,ipad,iphone,iosgaming,jailbreak,apphookup,iosbeta,appleswap,siri,tmobile,iwallpaper,iphone6s,ipod
asksciencediscussion,18750,asksciencediscussion,askscience
iwallpaper,47304,ipad,iphone,photoshoprequest,wplockscreens,nexus,apple,iosthemes,wpwallpapers,downloads,nexus6p,nexusone,iwallpaper,gfycatdepot,androidthemes,nexus5,android
osx,31804,iosmasterrace,ipad,osx,hackintosh,appleswap,macprogramming,appletechs,applehelp,linux_on_mac,iphone,iosgaming,ios8,osxtweaks,apple,macsetups,applecirclejerk,applehelp_betas,iosprogramming,vintageapple,cocoa,stevejobs,simpleios,appletv,swift,jailbreak,safari,ios9,mac,ios,macapps,macsysadmin,woz,ipod,macgaming
archlinux,41745,linuxquestions,linux,archlinux,linux4noobs
i2p,15221,filesharing,crypto,i2p,privacy,torrents,evolutionreddit,nsaleaks,cryptoanarchy,p2p,anoncoin,darknetplan,onions,i2ptutorials,bitcoin
futurology,12324230,space_settlement,singularity,futurologyremovals,longevity,transhuman,thevenusproject,robotics,cosmology,nootropics,spaceflight,futurology,futurologymoderators,spacevideos,asktechnology,singularitynetwork,artificial,scifi,collapse,automate,space,retrofuturism,xenophon1,simulate,cyberpunk,transhumanism,futuristparty,futureporn,basicincome
swift,28063,ipad,swift,iphone,swiftjobs,osx,objectivec,apple,iosprogramming,computerscience,krispykrackers,mac,ios,reactnative
cyberlaws,24415,keepoutnetfree,marchfornetneutrality,yro,keepournetfree,law,netpolitics
cogsci,79289,nootropics,neurophilosophy,psychology,neuro,psychscience,behavioraleconomics,psychopharmacology,askscience,musiccognition,psychopathology,science,sciencenetwork,linguistics,neuropsychology,academicpsychology,cogneuro,cognitivelinguistics,cogsci,mathpsych,iopsychology
digitalnomad,46596,simpleliving,digitalnomad,financialindependence,careerguidance,freelance,travel,ultralight,solotravel
softwaredevelopment,11150,compsci,learnprogramming,programming,algorithms,cscareerquestions,askcomputerscience,softwarearchitecture,coding
webhosting,14500,php,drupal,javascript,design,sysadmin,web_design,advertising,webdev,freewebhosting,wordpress,webhosting
tinycode,17717,compsci,proceduralgeneration,puppylinux,codegolf,tinycode,algorithms,computerscience,creativecoding,opensource,dailyprogrammer,obfuscatedcode,dailyscripts,coolgithubprojects
php,50658,php,registration,javascript,phphelp,forhire,web_design,webdev,css,wordpress
announcements,18469343,blog,changelog
financialindependence,289175,dutchfire,earlyretirement,eupersonalfinance,livingofftheland,selfsufficiency,homestead,personalfinance,financialindependence,leanfire,bikecommuting,eatcheapandhealthy,personalfinancecanada,permaculture,investing,fican,lowcar,simpleliving,europefire,frugal,forhire,dumpsterdiving,fireindia,ynab,ausfinance,patientgamers,vandwellers,entrepreneur,tinyhouses,freelance,budgetfood,fireuk,fiaustralia,ukpersonalfinance,jobs,realestate
csbooks,11194,physicsbooks,econbooks,csbooks,mathbooks,eebooks
explainlikeimfive,14659802,ideasforeli5,explainlikeimfive
math,293411,compsci,cheatatmathhomework,homeworkhelp,askmath,sagemath,statistics,mathpics,math,learnmath,matheducation,puremathematics,mathriddles,mathematica,matlab,algorithms,interdisciplinary,mathbooks,casualmath,actuary
jailbreak,266319,ipad,sideloaded,itwe4kz,jormy,iosfonts,springtomize,iphone,hbang,everythingapplepro,legacyjailbreak,cylinder,appletv,convergance,jailbreak,tweakbounty,gifpaper,flextweak,hizinfiz,iosthemes,activator,iostraverse,lockhtml3,androidroot,beermoney
networking,88699,ccde,ccnp,techsupport,sysadmin,jncip,ccent,cisco,networking,itcareerquestions,jncis,cscareerquestions,juniper,jncie,ccie,networkingjobs,homenetworking,jncia,faqs,ccdp,ccna
addons4kodi,53276,shieldandroidtv,firetv,cordcutters,thenvidiashield,libreelec,nexusplayer,fullmoviesonanything,xbmc,addons4kodi,htpc,iptv,hometheater,openelec,plex,kodi
tipofmytongue,222854,whatstheword,helpmefind,ineedaname,tipofmytongue,whatisthisthing,tipofmyjoystick,tipofmypenis
design,169126,crappydesign,designmemes,logodesign,photoshoprequest,ixd,product_design,designjobs,typography,learndesign,architecture,web_design,talesfromdesigners,identifythisfont,interiordesign,graphic_design,userexperience,design_critiques,industrialdesign
freelance,45109,digitalnomad,agencies,translationstudies,webdev,jobs,graphic_design,copywriting,photography,freelance,freelancewriters,freelanceuk,videography
realestate,67159,homestead,personalfinance,landlord,homeimprovement,realestatephotography,economics,photography,businesshub,investing,diy,reinvesting,architecture,realtors,realestateinvesting,interiordesign,landsurveying,business,homeowners,yard,surveying,money,commercialrealestate,gardening,finance,realestate,mortgages
spaceflight,21929,physics,arianespace,postearth,mars,retiringonmars,rocketlab,spacesimgames,cosmology,engineteststands,aerospace,spaceporn,dreamchaser,satellites,newhorizons,futurology,imaginarytechnology,isro,spacequestions,askscience,rocketlaunches,europa,spaceflightporn,exoplanets,curiosityrover,livefromspace,spacevideos,apollo,allthesciences,spacex,blueorigin,spacelaunchsystem,moon,inspirationscience,spaceships,missionpatches,planetarysociety,tothemoon,scifi,space,jupiters,ula,esarosettamission,nasa,space_colonization,astronomy,science,venus,asteroid
television,13605532,itsalwayssunnyinphiladelphia,rickandmorty,janethevirgin,disjointed,louie,mrrobot,eastboundanddown,boardwalkempire,americandad,xfiles,agentcarter,twentyfour,arresteddevelopment,thex,longmire,burnnotice,travelerstv,thewire,the100,workaholics,gotham,stevenuniverse,futurama,thelastairbender,movies,theamericans,fearthewalkingdead,doctorwho,hulu,riverdale,atlantatv,atypical,blackmirror,parksandrecreation,utopiatv,thestrain,adultswim,hbogameofthrones,13reasonswhy,archerfx,howimetyourmother,freshofftheboat,suits,scrubs,continuum,truedetective,unreal,theleaguefx,frasier,bettercallsaul,happyendings,crazyexgirlfriend,theleftovers,htgawm,bloodline,iasip,himym,modern_family,vikings,thegoodplace,firefly,britishtv,aquajail,gameofthrones,homeland,westworld,orphanblack,hannibaltv,cordcutters,onceuponatime,newgirl,tipofmytongue,defenders,shingekinokyojin,preacher,unrealtv,cwarrow,howtogetawaywithmurder,televisionposterporn,broadcity,curb,justified,raydonovan,youretheworst,outlander,designatedsurvivor,farscape,entourage,sonsofanarchy,legionfx,toonami,theblacklist,youngpopefire,dexter,youretheworstfx,beavisandbutthead,fringe,trailerparkboys,theleague,peakyblinders,portlandia,theexpanse,bobsburgers,kingofthehill,deathnote,sherlock,nathanforyou,theoffice,deepspacenine,suburgatory,familyguy,thewestwing,theoa,mylittlepony,thesimpsons,curbyourenthusiasm,maninthehighcastle,ifyoulikeblank,fallingskies,strangerthings,vikingstv,thecrownnetflix,televisionratings,community,daria,fargotv,thenewsroom,30rock,howyoudoin,supergirltv,znation,scandal,stargate,taboofx,comicbooktv,that70sshow,televisionthemesongs,legendsoftomorrow,izombie,bsg,pandr,malcolminthemiddle,shield,housemd,lost,lukecage,prisonbreak,11,banshee,freshofftheboattv,grimm,babylon5,unbreakablekimmyschmidt,gameshow,112263hulu,modernfamily,televisionquotes,southpark,netflix,documentaries,reddwarf,ironfist,getshorty,wilfred,thisisus,aquateen,dundermifflin,bones,asoiaf,veep,biglittlelies,siliconvalley,bigbangtheory,topgear,americangods,episodehub,netflixbestof,janethevirgincw,americanhorrorstory,pennydreadful,thevampirediaries,thecrown,arrow,regularshow,seinfeld,battlestargalactica,thelastkingdom,breakingbad,houseofcards,makingamurderer,television,thecontinuum,supernatural,cartoonnetwork,thebigbangtheory,agentsofshield,personofinterest,bojackhorseman,gravityfalls,adventuretime,lucifer,hannibal,24,thetick,whoselineisitanyway,flashtv,thenightof,daredevil,siliconvalleyhbo,channelzero,utopia,brooklynninenine,jessicajones,livefromnewyork,narcos,fargo,orangeisthenewblack,gallifrey,thewalkingdead,lastmanonearthtv,startrek,saturdaynightlive,madmen,ashvsevildead,trueblood,themaninthehighcastle,thelastmanonearth,anime,freaksandgeeks,theyoungpope,friends,flash,chuck,kimmyschmidt
britishtv,28835,unitedkingdom,britishpanelshows,britishstandup,iplayer,merlinbbc,pointless,quiteinteresting,television,alanpartridge,downtonabbey,xfactoruk,misfitstv,onlyfoolsandhorses,thunderbirds,stephenfry,ukfreemovies,itcrowd,thehour,themissing,theprisoner,asyetuntitled,doctorwho,britishradio,watchthisuk,blackmirror,skinstv,utopiatv,ukmusic,reddwarf,sherlock,jeevesandwooster,soupytwist,australiantv,canadiantv,vicandbob,topgear,episodehub,lifeonmars,mitchellandwebb,britainsgottalent,britishtv,beinghuman,theinbetweeners,torchwood
housemd,10163,hughlaurie,housemd
ifyoulikeblank,69392,ifyoulikeblank
bobsburgers,70470,regularshow,rickandmorty,guessthemovie,seinfeld,unsupervised,americandad,ringer,superjail,arresteddevelopment,alanpartridge,clevelandshow,friskydingo,pandr,chinail,lucy,workaholics,gravityfalls,castletv,toddmargaret,lv426,adventuretime,tvcritic,futurama,thelastairbender,clonehigh,brickleberry,doctorwho,animation,metalocalypse,theoblongs,dexter,fringe,beavisandbutthead,squidbillies,southpark,kingofthehill,bobsburgers,archerfx,earthsgottalent,scrubs,timanderic,australiantv,theleaguefx,canadiantv,dundermifflin,familyguy,bones,happyendings,psych,madmen,homemovies,mylittlepony,thelifeandtimesoftim,thesimpsons,modern_family,mitchellandwebb,britishtv,aquajail,gameofthrones,chuck,homeland,community
ynab,35253,studentloans,frugal,personalfinance,financialindependence,youneedabudget,investing,ynab,debtfree
aerospace,17126,rocketry,aviation,rocketlaunches,spaceexploration,aerospace,space
renewableenergy,37456,biochemistry,physics,shipwrecks,hailcorporate,amnesty,zoology,web_design,bigpharma,geology,birding,renewableenergy,biology,freespeech,permaculture,earthfirst,corporatocracy,rewilding,conservation,lapdogs,biomass,nationalpark,guncontrol,gunsarecool,nocorporations,botany,alec,aaronswartz,privacy,restoration_ecology,trappit,sustainable,green_peace,sustainability,openaccess,corruption,greed,naut,bigagro,redditricks,wind,biodynamic,divestment,sierraclub,drought,fracking,new,wetlands,oceans,shillcapitalism,shillocracy,antipoaching,sunlight,evolutionreddit,genetics,organic,evolution,enviroaction,green,underwaterphotography,ecofeminism,hrw,chemistry,lifeaquatic,thoughtleader,stand,csshelp,veg,water,climate,environmental_policy,solar,ecology,reddithax,environment,astronomy,bigenergy,wildlife,energy,anthropology,science,awwducational,paleontology,nature
asksocialscience,65753,asksocialscience,major,econhw,homeworkhelp
americandad,16498,regularshow,rickandmorty,guessthemovie,seinfeld,unsupervised,americandad,ringer,arresteddevelopment,alanpartridge,clevelandshow,pandr,chinail,lucy,workaholics,gravityfalls,castletv,toddmargaret,lv426,adventuretime,tvcritic,futurama,thelastairbender,clonehigh,doctorwho,animation,metalocalypse,dexter,fringe,beavisandbutthead,squidbillies,southpark,kingofthehill,bobsburgers,archerfx,earthsgottalent,scrubs,timanderic,australiantv,theleaguefx,canadiantv,dundermifflin,familyguy,bones,happyendings,psych,madmen,homemovies,mylittlepony,thelifeandtimesoftim,thesimpsons,modern_family,mitchellandwebb,britishtv,aquajail,gameofthrones,chuck,homeland,community
botany,16961,redditforest,entomology,botanypapers,seedstock,seedexchange,biology,berries,horticulture,foresthealth,microbiology,invasivespecies,botany,pteridology,ethnobotany,rainforest,flowers,botanicalporn,cactus,phytopathology,orchids,evolution,whatsthisplant,bromeliad,bryology,plantclinic,palynology,sfwtrees,savagegarden,ecology,forestry,phycology,hotpeppers,mycology,botanicalillustration,gardening
softwaregore,142472,
jobs,145006,resumes,forhire,jobs
fullmoviesonanything,25603,hjgamer,fullmoviesonanything
budgetfood,111447,slowcooking,frugal,cheap_meals,studentfood,shittyfoodporn,food,cooking,budgetveggie,eatcheapandhealthy,recipes,budgetfood
business,351275,investmentclub,economics,businesshub,investing,banking,startups,corruption,politics,business,internationalbusiness,greed,sales,entrepreneur,mba,accounting,economy,mailroom,smallbusiness,businessschool,finance,businessinsiders,realestate,consulting
recipes,325429,slowcooking,eatsandwiches,food,mimicrecipes,cooking,whatsinmycupboard,recipes,budgetfood,tonightsdinner
physics,174566,projects,physics,gradschool,askphysics,physicsstudents,homeworkhelp,gradadmissions,askscience,physicsjokes,physicsgifs,scienceimages,askacademia
chemistry,94159,chemhelp,chemistryjokes,chemistry,chemistrymemes
bikecommuting,29812,bicycling,wintercycling,bicycleculture,cycling,bikecammers,bicyclegear,whichbike,citybike,lowcar
solotravel,77793,couchsurfing,camping,airbnb,hiking,shoestring,meetup,hitchhiking,campingandhiking,iwantout,travelphotos,wwoof,travel,backpacking,solotravel
politics,3467054,politics
adventuretime,166404,regularshow,adventuretrees,mylittlepony,bravestwarriors,cardwars,adventuretime,stevenuniverse,athangout,ooo_irl,webarebears,adventuretheory
retrofuturism,167857,space_settlement,singularity,timereddits,futuristpolitics,postearth,transhuman,robotics,cosmology,reddittothefuture,spaceflight,redditspaceinitiative,worldoftomorrow,futurology,imaginaryhistory,imaginarytechnology,goldenpath,spacevideos,starparty,singularitynetwork,cyborgs,futurism,artificial,tothemoon,retrofuturism,singularitarianism,cyberpunk,transhumanism,futureporn
bitcoin,299255,bitcoinwiki,bitcoindiscussion,technology,crypto,jobs4bitcoins,bitmarket,bitcoinbeginners,girlsgonebitcoin,cryptomarkets,cryptocurrency,anarcho_capitalism,bitcointechnology,economics,cryptoanarchy,bitcoinmarkets,bitcoinmining,bitcoin
doctorwho,277389,doctorwho
photoshoprequest,45767,improvementshoop,ageprogresspics,photoshoprequest,colorization,colorizationrequests,textlessposters,designfreebie,shittypicrequests,wallpapers,wallpaperrequests,drawforme,iwallpaper,graphic_design,drawit,battleshops,photoshoptutorials,freedesign,photoshop,learningphotoshop
iasip,244240,fargotv,louie,taboofx,iama,explainlikethegang,theamericans,legionfx,atlantatv,youretheworstfx,americancrimestory,televisionquotes,thestrain,redditwritessunny,archerfx,betterthingstv,manseekingwoman,feud,iasip,tvmemes,baskets,americanhorrorstory,alwayssunnyintros
freelancewriters,12206,hireawriter,writersforhire,forhire,writing,freelance,freelancewriters,getting_sick_of_the_elance_bidding_war_how_do_i
defenders,41645,inhumansabc,comicbooks,agentcarter,defenders,marvel,marvelstudios,shield
water,10036,rain,environmental_science,drought,riverrestoration,oceans,internationaldev,quality,environment,hydrology,wastewater,onthewaterfront,irrigation,waterutilities,basins,waterporn,greatlakesshipping,lifeaquatic,scuba,fishing
askreddit,17816685,ideasforaskreddit,askreddit
kimmyschmidt,12853,
televisionquotes,18479,marriedwithchildren,hero0fwar,breakingbad,gamingquotes,that70sshow,arresteddevelopment,lost,malcolminthemiddle,thegoldbergs,pandr,thejeffersons,mynameisearl,trailerparkboys,televisionquotes,raisinghope,dundermifflin,madmen,moviequotes,modern_family,americanhorrorstory,musicquotes
homeland,19173,theaffair,episodes,billions,shameless,twentyfour,houseoflies,pennydreadful,mastersofsex,homeland,raydonovan
flashtv,98669,flashtv,gotham,supergirltv,dccomics,lucifer,comicbooktv,legendsoftomorrow,vixencwseed,izombie,cwarrow,theraycwseed,constantine,theflash,arrow
cycling,45564,cyclingmsp,omahametrocycling,bicycling,unicycling,strava,stlouisbiking,cyclocross,cycling,londoncycling,bikecommuting,cargobike,cyclepdx,fixedgear,bikefit,bikehouston,montrealcycling,bikede,bikein,riddeit,bikingmad,bikenewengland,carolinabikes,leedscycling,bicycleculture,edmontoncycling,bikedc,bikingatx,dfwbike,miamibiking,phillycycling,louisianacycling,bikesocal,wheelbuild,bikedetroit,bmx,bikeslc,bikela,tandem,29er,seattlebike,kcbike,bikewrench,peloton,bikeatl,cruiserculture,bikecle,whichbike,chibike,ausbike,bmxracing,boisebike,nycbike,torontobiking,cyclemcr,vancouvercycling,babike,dhmtb,fatbike,cobike,adviceanimals,bikejapan,bicycling412,bikron,memes,ukbike,singlespeedcycling,electricbikes,fffffffuuuuuuuuuuuu,recumbent,bikeinottawa,bikeboston,bikeshop
timanderic,24465,absolutelyproductions,nottimanderic,timanderic,nottimandericpics
nottimanderic,67867,playitagainsam,sneks,nottimanderic,unknownvideos,trashy,nottimandericpics,sanic,youtubehaiku,deepintoyoutube
stevenuniverse,101244,subombsquad,breakfastfriends,subredditoftheday,suleaks,gem_irl,sufanworks,suanalysis,stevenuniversejerk,gemsona,stevenuniverse,suconfessions,supuns,cartoonnetwork,stevenuniversefanfic,beachcity
accounting,51595,big4,bookkeeping,excel,canadianbusiness,taxpros,businessschool,accounting,tax,personalfinance,banking,economics,corruption,notepirate,finance,investing,business,consulting
vikingstv,27596,hannibaltv,elementary,derek,season_4_episode_20_the_reckoning_season_finale,thelastkingdom,batesmotel,lilyhammer,vikingstv,raydonovan
sneks,104070,rarepuppers,rept_irl,snekgear,nottimanderic,snek_irl,nosteponsnek,indianpeoplefacebook,snakes,timanderic,snakeswitharms,snakeswithhats,plens,sneksstandingup
privacytoolsio,12397,selfhosted,veracrypt,privacytoolsio,bitcoin,snowden,privacy,burunghantu,firefox,nsaleaks,vpn,tor,encryption,europrivacy,crypto
fargotv,30043,fargotv
anthropology,50157,ancientmigrations,geography,arthistory,socialscience,landing,science,digitalanthro,primatology,anthropology,genetics,historynetwork,history,linguistics,askanthropology,mesoamerica,culturalanthro,archaeology,paleoanthropology,religion,askacademia
investing,404861,stockmarket,investmentclub,personalfinance,accounting,options,securityanalysis,economics,finance,investing,business
space,12902115,spaceporn,junomission,spaceresources,space_settlement,blog,arianespace,spacegifs,astronomy,astrophotography,askscience,isro,cubesat,europa,livefromspace,venus,space,jupiters
sustainability,15026,declutter,simpleliving,anticonsumption,composting,greenhouses,nobuy,selfsufficiency,vegetarian,environment,dumpsterdiving,recycling,buyitforlife,zerowaste,green,minimalism,nopoo,vegan
netflix,199555,watchitwithme,latam,cordcutters,cordcutting,netflixbyproxy,netflixbestof,reddiquette
javascript,122690,learnjavascript,php,html5,javascript,html,enhancement,webgl,frontend,forhire,web_design,webdev,dailyprogrammer,node,jquery,remotejs,threejs,mobilewebdev
personalfinancecanada,47325,canadianinvestor,personalfinance,financialindependence,personalfinancecanada,investing,fican
tonightsdinner,46118,streeteats,eatsandwiches,enttreats,tonightsvegdinner,mimicrecipes,microwavepics
blackmirror,74930,blackmirror,tortega101,charliebrooker,twilightzone,cloververse,iama,television,britishtv,procss,dimension404
askacademia,30594,highereducation,physics,gradschool,gradadmissions,askhistorians,hardscience,askreddit,academicpublishing,askscience,colleague,softscience,askphilosophy,science,scholar,scientific,chemistry,college,answers,methodhub
trueblood,14715,dexter,scifi,trueblood,fantasybookclub,fantasy,truebloodactors,gameofthrones,television,truedetective,hbo,thehobbit,downtonabbey,lostgirl,bones,asoiaf,raydonovan
matlab,12374,tutorials,faqs,matlab
personofinterest,10825,personofinterest,mrrobot,162394,poifanfiction,twentyfour,fringe,westworld
peakyblinders,12211,sherlock,banshee,lineofduty,peakyblinders
theoffice,14187,dundermifflin
stargate,29386,sidebar,stargate,movies,iama,television
backpacking,202868,wildernessbackpacking,militarygear,travel,travelpartners,climbing,nationalpark,couchsurfing,flashlight,backpackingpictures,hiking,shoestring,trailguides,caving,ultralight,geartrade,parkrangers,campingandhiking,hammocks,camping,trailmeals,searchandrescue,askeurope,outdoors,kayaking,backpacking,campinggear,tourguide,alpinism,slackline,adventures,longtermtravel,myog,canyoneering,gopro,traveltales
meetup,14824,adventures,locationreddits,meetup,r4r,raerth,modsoftherealms,euro4euro,iamhere,airporttravel
theleaguefx,15488,pandr,televisionquotes,eastboundanddown,sonsofanarchy,fxtheleague,iasip,workaholics,suits,archerfx,breakingbad,arresteddevelopment,dundermifflin,dexter,burnnotice,community
arresteddevelopment,128496,badsamaritans,televisionquotes,spoiler_episode_12_arrested_development_season_4,orangeisthenewblack,houseofcards,arresteddevelopment,hemlockgrove
playitagainsam,38849,nottimanderic,playitagainsam,youtubehaiku,deepintoyoutube
helpmefind,17676,helpmefind,teamitup,findfashion,tipofmytongue,tipofmypenis
gotham,28846,darkknightmemes,gotham,supergirltv,lucifer,legendsoftomorrow,izombie,flashtv,arrow
conservation,14542,divestment,environmental_science,depthunderground,environmental_policy,climate,oceans,350,ecology,restoration_ecology,environment,envirotech,endangeredspecies,depthhub,inspirationscience,ethnobotany,invasivespecies,nature
futurama,199634,imaginarynewnewyork,futurama
anarcho_capitalism,34037,goldandblack,austrian_economics,liberland,anarcho_capitalism,marketanarchism,libertarian,asklibertarians,voluntarism,objectivism,unschool,polycentric_law,declinetostate,agorism,ancap101,learnliberty,voluntaristmumble
thewalkingdead,384552,thewalkingdeadgame,heycarl,thetalkingdead,fearthewalkingdead,thewalkingdead,thewalkingdeadgifs,overkillstwd,twdnomansland,survivalinstinct,thewritingdead,theroamingdead,twd,twdroadtosurvival
dexter,41575,davincisdemons,trueblood,bones,castletv,eastboundanddown,televisionquotes,dextersucks,isitbullshit,horrorreviewed,ringer,hannibal,shameless,creepy,serialkillers,castle,markmywords,theleaguefx,downtonabbey,dexter,bettercallsaul
securityanalysis,22345,gdb_navigation,new_home_page,en,securityanalysis,updated_value_investing_blog_list
changelog,12297,modnews,changelog,blog,announcements,operational
alpinism,12267,climbing,meditation,alpinism,iceclimbing,buschcraft,climbingporn,slackline,trailguides,trailmeals,outdoorsgear,outdoornetwork,outdoors,bushcraft,campingandhiking
cablemanagement,24461,cableporn,cablemanagement,computers,hackintosh,overclocking,lutro0,battlestations,pcgaming,pcsleeving,gamingpc,pcmods,buildapc,servers,hardwareswap,job_of_the_month_winners_for_2015,buildapcsales
nature,39912,biochemistry,physics,shipwrecks,wolves,amnesty,zoology,web_design,geology,birding,renewableenergy,biology,permaculture,earthfirst,invasivespecies,rewilding,conservation,nationalpark,botany,renewablenews,restoration_ecology,green_peace,whatsthisbug,sustainable,sustainability,paleontology,animalrights,redditricks,naut,ocean,environews,biodynamic,divestment,sierraclub,drought,reddithax,likeus,wetlands,oceans,antipoaching,whatsthisbird,allscience,endangeredspecies,genetics,whatsthisplant,organic,cetacea,climatechange,enviroaction,ecofeminism,underwaterphotography,hrw,lifeaquatic,chemistry,animalintelligence,csshelp,veg,water,factoryfarms,climate,environmental_policy,evolution,ecology,climatenews,drylands,species,environment,astronomy,wildlife,anthropology,science,mycology,awwducational,whales,nature
vegan,136422,debateavegan,vegan
ecology,11112,ecology,environment
suits,31624,mrrobot,queenofthesouth,whitecollar,playinghouse,benchedtv,burnnotice,covertaffairs,shield,suit,iosbeta,castletv,royalpains,complicationstv,colony,sirenstv,subredditoftheday,brooklynninenine,suits,fallingwatertv,gfycatdepot,graceland,fairlylegal,psych,shooter,politicalanimals,satisfactiontv,rushtv,usanetwork,monk
bikewrench,20804,bikewrench
scifi,451282,dune,williamshatner,daleks,mazerunner,travelerstv,the100,horror,imaginarytechnology,ender,doctorwho,scifi_bookclub,warehouse13,thankyou,defiancetv,ghostintheshell,scifigaming,hyperion,wizards,firefly,gameofthrones,ghost_in_the_shell,imaginarybattlefields,imaginaryjedi,misfitstv,doctorwhobooks,farscape,bladerunner,imaginarymindscapes,thehobbit,fringe,theexpanse,darkfuturology,thedarktower,scifi,deepspacenine,worldbuilding,darkmatter,specart,printsf,backtothefuture,scifiscroll,fallingskies,asimov,dystopia,treknobabble,postapocalyptic,stargate,terranova,starwars,bsg,lost,trekbooks,heinlein,comicbooks,lv426,browncoats,dontpanic,goldenpath,babylon5,cthulhu,thehub,timetravel,sfstories,sf_videos,reddwarf,asoiaf,sf_book_club,discworld,cyberpunk,lovecraft,thecontinuum,supernatural,reddittothefuture,frankenstein,futurology,sciencefiction,nerdlass,fantasy,theculture,startrek,scifiwriting,eureka,selfpublish,imaginarystarships,theartifice
eatcheapandhealthy,456212,veganrecipes,food,pickling,eatcheapandhealthy,foodblog,recipes,cookingforbeginners,thegardenpatch,baking,peanutbutter,breadit,freezer,healthyfood,cooking,budgetveggie,caloriecount,loseit,food_bank,thespicerack,7dollardinners,kitchenutensils,raerth,eatcheapandvegan,kitchenappliances2,pabstyspantry,slowcooking,cookingvideos,dehydrating,therefrigerator,canning,gardening
economics,386365,askeconomics,badeconomics,economics
creepy,11657714,skinwalkers,skulls,evilbuildings,creepy_gif,cemeteryporn,vampires,serialkillers,reflectionstories,welcometohell,horror,morbidreality,scaredshitless,scp,creepygaming,oldschoolcreepy,gore,creepy,unnerving,wtf_for_real,urbanmyths,unresolvedmysteries,creepyreadings,paranormal,askingvikas
science,17585859,science
consulting,26526,technology,sap,mba,accounting,finance,business,consulting
cookingforbeginners,58166,eatsandwiches,dessert,cheap_meals,foodwishes,food,eatcheapandhealthy,bachelorchef,everywomanshouldknow,recipes,cookingforbeginners,baking,youshouldknow,simpleliving,diy,frugal,potatoes,cooking,lifeprotips,foodhacks,appetizers,seriouseats,lifehacks,howto,everymanshouldknow,budgetfood,recipeclub,cheese,slowcooking,cookingvideos,budgetcooking,onepotmeals,studentfood,askculinary,burgers,wine,coupons
buddhism,116836,bon,mahayana,dharmapoetry,pureland,dailygratitude,zen,secularbuddhism,vajrayana,redditations,yogacara,earlybuddhism,engagedbuddhism,buddhistparents,theravada,dzogchen,chan,meditation,shambhalabuddhism,laughingbuddha,askdocs,buddhism,bestofbuddhism,nirvanaschool
food,12343132,cookingwithcondiments,cheap_meals,sushi,recipes,vancouverfood,hot_dog,whatyoueat,asianeats,fried,healthyfood,cookbooks,grilling,atlantaeats,japanesefood,bbq,crepes,foodtoronto,foodporn,veganfood,chicagofood,fastfood,fffffffuuuuuuuuuuuud,worldofpancakes,budgetfood,onceamonthcooking,breakfastfood,foodvideos,smoking,culinaryporn,ifilikefood,canning,timhortons,foodcss,dessert,food,irish_food,food2,foodwriting,cookingforbeginners,tonightsdinner,drunkencookery,jello,dessertporn,food_bank,mexicanfood,foodlosangeles,charcuterie,chinesefood,organic,foodie,todaysbreakfast,ironchef,cider,breakfast,seafood,eatwraps,condiments,sushiroll,eatsandwiches,gifrecipes,bento,energydrinks,dixiefood,mimicrecipes,foodtheory,meat,glutenfree,wewantplates,onofffood,pizza,sanantoniofood,appetizers,askfoodhistorians,collegecooking,vitamix,curry,columbusfood,slowcooking,grease,veg,austinfood,askculinary,honey,burgers,cookwithbeer,knightsofpineapple,doener,steak,cereal,sousvide,pasta,culinaryplating,ketorecipes,eatcheapandhealthy,foodnyc,peanutbutter,kitchenconfidential,pressurecooking,fishtew,cakewin,foodportland,spicy,todayiate,healthproject,cheese,icecreamery,cookiedecorating,koreanfood,ramen,foodnews,mainefood,vegetarian,survivalfood,fastfoodreview
options,16350,wallstreetbets,optionsinstitute1,stocks
macgaming,17357,wine,apple,macgaming
buildapcsales,272327,mechmarket,buildapcsalesmeta,techsupport,computebazaar,headphones,gamingpc,buildapc,bapcsalesaustralia,bapcsaleseurope,gamedeals,hardware,monitors,bapcsalesgermany,bapcsalescanada,htpc,hardwareswap,printers,laptopdeals,pcretailers,suggestalaptop,hfr,buildapcsalesuk,buildapcsales
bicycling,200921,cyclingmsp,cargobike,randomactsofbicycle,bikefit,bikehouston,montrealcycling,lowcar,bikein,bicyclingcirclejerk,edmontoncycling,bikedc,bikingatx,miamibiking,buffalobike,bikeshare,pedale,boisebike,fahrrad,velo,bikebuddies,babike,fatbike,bustedcarbon,singlespeedcycling,nycbike,strava,stlouisbiking,cyclocross,rvabikes,cyclepdx,ladycyclists,bikede,bikesatx,invisiblebicycles,bikemessengers,bikingmad,carolinabikes,mtb,leedscycling,okcbike,phillycycling,bikesocal,bikeporn,seattlebike,fixedgearbicycle,bikeatl,chibike,frankenbike,bikron,ukbike,bikegrandrapids,ebikes,dfwbike,unicycling,wintercycling,bikepolo,professionalcycling,bikebmore,everydayride,irishbicycling,bicycleengineering,wheelbuild,rocbike,bikeslc,bikepaths,tandem,29er,peloton,ausbike,cyclemcr,vancouvercycling,bikehalifax,cobike,bicycletouring,cyclingfashion,bikeboston,bikeinottawa,omahametrocycling,vintage_bicycles,bicycling,londoncycling,cycling,bikecommuting,riddeit,randonneuring,bicycleculture,nashvillebikes,louisianacycling,scottishcycling,bikedetroit,bmx,bikela,bikewrench,velodrome,bikecammers,whichbike,torontobiking,bicyclehawaii,tourdefrance,bicycling412,mobicycling,citybike,recumbent,biketrials,bikeshop
ubuntu,75324,linuxquestions,ubuntuappdev,linux4noobs,en,ubuntu
homestead,79536,homestead,guerrillagardening,financialindependence,seedstock,food2,renewableenergy,livestock,poultry,diy,cottage_industry,frugal,ecoevents,sepp,tinyhouses,dairygoats,permies,zerowaste,green,beekeeping,collapse,canning
vegetarian,72544,veganrecipes,plantbaseddiet,junkfoodveg,meetnomeatr4r,likeus,meatlessmealprep,what_about_oysters,vegetarianism,vegetarian,users,vegetarianfoodporn,veggiemeat,vegetarianpizza,veganfoodporn,veganfitness,zerowaste,vegrecipes,vegan,indianfood,nonhumanrightsproject
comicbooks,474478,comicbook,comicbooks
hackintosh,31352,osx,hackintosh,apple,accessories,buildapc,mac
that70sshow,14882,guessthemovie,marriedwithchildren,seinfeld,ringer,breakingbad,that70sshow,television,arresteddevelopment,alanpartridge,pandr,thegoldbergs,malcolminthemiddle,lucy,workaholics,red_forman,toddmargaret,lv426,castletv,adventuretime,tvcritic,thelastairbender,futurama,clonehigh,doctorwho,icarly,whoselineisitanyway,animation,dexter,mynameisearl,fringe,beavisandbutthead,trailerparkboys,cbs_mom,mila_kunis,televisionquotes,southpark,kingofthehill,bobsburgers,archerfx,earthsgottalent,raisinghope,scrubs,timanderic,arnoldschwarzenegger,australiantv,theleaguefx,canadiantv,dundermifflin,familyguy,bones,happyendings,psych,madmen,mylittlepony,renandstimpy,thelifeandtimesoftim,thesimpsons,modern_family,mitchellandwebb,90scartoons,blackish,britishtv,aquajail,chuck,homeland,community
cyanogenmod,15003,lineageos
investmentclub,17835,wallstreetpredictions,investmentclub,wallstreetbets,stocknews,cryptocurrency,securityanalysis,finance,investing,business,cryptomarkets,stocks,investmenteducation
bsg,19218,asksciencefiction,darkmatter,theexpanse,almosthuman,reddwarf,firefly,caprica,xena,gfycatdepot,scifi,bsg,starwars,shield
oldschoolcreepy,22233,oldschoolridiculous,creepyhistory
linguistics,96471,newtoreddit,etymology,slp,writing,grammar,linguistics,linguisticshumor,translator,cognitivelinguistics,towerofbabel,compling,languagelearning,academicpublishing,languagetechnology,samplesize,proofreading,whatstheword,badlinguistics,translationstudies,conlangs,homeworkhelp
veganfitness,26849,martialarts,veganrecipes,meditation,dance,yoga,fitness,veganfitness,posture,vegan,running,bodyweightfitness,triathlon,flexibility,griptraining
askscience,14577175,asksciencediscussion,askscience
linuxmemes,11386,linux,unixhumor,linuxcringe,linuxfunny,this_subreddit_needs_more_monty_python_references,linuxmemes,windowsmemes
ukpersonalfinance,27342,eupersonalfinance,ukinvesting,stockmarket,unitedkingdom,frugal,freebiesuk,personalfinance,ukfrugal,financialindependence,ukpolitics,fireuk,legaladviceuk,personalfinancecanada,fitnessuk,finance,investing,ukpersonalfinance,ausfinance,askuk
seriouseats,41572,seriouseats
programming,824328,compsci,reverseengineering,netsec,technology,startups,techsupport,learnprogramming,forhire,askprogramming,web_design,programming,webdev,cscareerquestions,dailyprogrammer,gamedev,redditdev,programmertil,jobbit,programmerhumor,coding
peloton,25941,bicycling,pelotonrules,peloton,pelotonmedia,velodrome,cyclocross,petersagan,pelotonpics,olland,velo
dessertporn,42395,whatyoueat,sfwpornnetwork,dessert,incredibleindia,food,pics,cooking,wallpaper,wallpapers,snackexchange,dessertporn,recipes,gfycatdepot,pornoverlords,itookapicture,cakewin
gadgets,12505214,gadgets,imaginarygadgets
homenetworking,29471,techsupport,openwireless,networking,antivirus,homenetworking
treknobabble,12757,fns,starblecch,tlhinganhol,startrekgermany,treknobabble,unitedfederation,trekworldproblems,startrekviewingparty,sleepyhollowtv,shittydaystrom,imaginarybattlefields,trek,captainkirk,tng,tos,andoria,trekbooks,startrekstuff,mylittletrekkies,trekrp,bladerunner,vulcan,imaginaryfederation,treks,listofsubreddits,cats,dogs,thanksnumberone,explainlikeimspock,holodeck,startrekwallpaper,dataisbeautiful,rats,startrekmemes,subredditoftheday,birds,goats,youcantonstartrek,attackwing,spiders,reddwarf,cows,sto,voyager,deepspacenine,scifi,nutrek,subredditreports,startrekscience,mrdata,startrekenterprise,borgasm,cssstyle,spock,scifiwriting,rpgx,picard,startrekforbeginners,chosen_ones,startrekstabilized,whales
shittyfoodporn,221469,shittylifeprotips,shittybeerwithaview,shittyaskhistory,shittyaskreddit,enttreats,shittynosleep,shittytheoryofreddit,shittyadvice,shittybattlestations,shittyshitredditsays,askashittyparent,magicskyfairy,shittyadviceanimals,shittypoetry,shittyhub,shittytechsupport,askashittyphilosopher,shittyfifthworldpics,shittyaskcooking,shittyphotoshop,shittytodayilearned,shittyseduction,shittyaskalawyer,shittyramen,shittyengineering,shittyama,shittysocialscience,shittyragecomics,shittyprogramming,shittyfoodporn,gamingcirclejerk,shittyaskscience,80s_sandwich,shittyfilmquotes,shittyearthporn,askashittydoctor
ipad,54083,iphone,apphookup,jailbreak,ipadmusic,hackintosh,iosgaming,alienblue,apple,iosprogramming,applehelp,getnarwhal,appletv
tor,38090,netsec,privacy,i2p,namecoin,freespeech,tails,tor,onions
deepweb,45754,darknetmarkets,deepwebcirclejerk,hiddenservice,deepweb,deepwebconfessions,nosleep,2spooky4me,deepintoyoutube,darknetmarketsnoobs,tor,onions,deepwebexperiences
spacegifs,14247,interestinggifs,educationalgifs,weathergifs,horrorgifs,oceangifs,gifsak,spacegifs,gifv,physicsgifs,chemicalreactiongifs,space,gif,gifs
bento,28397,cookingwithdog,braladyjapan,squirrelspank,japanlife,cooking,ochikeron,otaku,japan,runnyrunny999,tonightsdinner
shittyama,17371,shittylifeprotips,shittyaskhistory,shittyaskreddit,shittytheoryofreddit,iama,shittyadvice,shittybattlestations,shittyshitredditsays,badideology,askashittyparent,shittyadviceanimals,shittypoetry,shittyhub,shittytechsupport,askashittyphilosopher,shittyquotesporn,shittyfifthworldpics,shittyaskcooking,shittyphotoshop,shittytodayilearned,shittyseduction,shittyaskalawyer,shittyengineering,shittyama,shittysocialscience,shittyragecomics,casualconversation,shittyprogramming,shittyfoodporn,shittyaskscience,shittyearthporn,askashittydoctor
asksciencefiction,83107,askpopculture,harrypotterbooks,respectthreads,askcomicbooks,shittyadvice,whowouldwin,bsg,starwars,mawinstallation,asksciencefiction,simpletolkienquotes,monsterdeconstruction,theartifice,scificoncepts,harrypotter,fictionmultiverse,shittyaskscifi,startrek,oneshotpodcast,badscifi,daystrominstitute,fantheories,shittyaskscience,40klore,pratchett
neuropsychology,21029,
worldbuilding,198683,magicbuilding,dnd,oldmaps,rpg,papertowns,mapporn,mapmaking,worldjerking,dungeonsanddragons,imaginarymaps,nsfwworldbuilding,loremasters,characterforge,scifi,worldbuilding,conlangs,scifiwriting,worldprompts,characterdevelopment,fantasywriters,theartifice
adventures,10768,bushcraftuk,geocaching,climbing,geohashing,forestsurvival,libraryofshadows,slingshots,urbanexploration,outdoorhacks,rockclimbing,outdoors,caving,kayaking,travelpartners,backpacking,takeusonajourney,campingandhiking
whatsthisbird,12256,birdfacts,attracting,species,whatsthisbug,birding,birdpics,ornithology,animalid
linuxmint,14673,linuxquestions,cinnamonde,linux,kde,linux4noobs,linux_gaming,linuxmint,commandline,ubuntu,gnome,procss
beermoney,205957,mturk,clicksforbeermoney,hitsworthturkingfor,giftcardexchange,perktv,swagbucks,getperk,flipping,ibotta,workonline,beermoneyhumor,signupsforpay,gifthulkpals,slavelabour,beermoney
bitcoinbeginners,19429,bitstamp,bitcoinbums,coinbase,jobs4bitcoins,bitmarket,livingonbitcoin,bitcoinbeginners,cryptomarkets,kraken2,bitcoinmarkets
rarepuppers,260878,rarepuppers,petloss
diy,12745382,diysound,homestead,homeimprovement,buildapc,bathrooms,diy,fixit,homebrewing,crafts,diy_tech,homeautomation,howto,finishing,loudspeakers,diyelectronics,hwstartups,woodworking,functionalprint,electronics,metalworking,diygifts,knitting,canning,somethingimade,gardening
himym,92711,louie,eastboundanddown,boardwalkempire,americandad,xfiles,arresteddevelopment,burnnotice,thewire,workaholics,thekilling,futurama,doctorwho,tonightshowfallon,hawaii50,suits,archerfx,scrubs,theleaguefx,happyendings,theoriginals,themiddle,iasip,angel,himym,modern_family,firefly,aquajail,marriedwithchildren,newgirl,justified,farscape,entourage,sonsofanarchy,dexter,fringe,beavisandbutthead,trailerparkboys,cbs_mom,bobsburgers,kingofthehill,robotchicken,suburgatory,familyguy,thewestwing,dollhouse,revenge,thesimpsons,fallingskies,mash,alphas,awake,community,30rock,howyoudoin,stargate,that70sshow,venturebros,bsg,lost,malcolminthemiddle,shield,pandr,xena,grimm,babylon5,mynameisearl,hell_on_wheels,southpark,wilfred,bones,dundermifflin,bigbangtheory,upallnight,americanhorrorstory,arrow,seinfeld,breakingbad,nashvilletv,supernatural,thefollowing,thegoldbergs,revolutionnbc,adventuretime,whoselineisitanyway,raisinghope,thewalkingdead,startrek,madmen,trueblood,eureka
writing,277895,writing,destructivereaders,homeworkhelp,writinghub
linuxactionshow,10592,techsnap,linuxactionshow,michaeltunnell,unfilter,coderradio,techtalktoday
itookapicture,434972,lightgraffiti,project52,lightpainting,urbanexploration,picturechallenge,tone,itookapicture,earthporn
askashittydoctor,12263,shittylifeprotips,shittyaskhistory,shittyaskreddit,shittytheoryofreddit,shittyadvice,shittybattlestations,shittyshitredditsays,askashittyparent,shittyadviceanimals,shittypoetry,shittyhub,shittytechsupport,askashittyphilosopher,shittyquotesporn,shittyaskcooking,shittyfifthworldpics,shittyphotoshop,shittytodayilearned,shittyseduction,shittyaskalawyer,shittyengineering,shittyama,shittysocialscience,shittyragecomics,shittyprogramming,shittyfoodporn,shittyfantheories,shittyaskscience,shittyearthporn,askashittydoctor
flexibility,71871,yoga,fitness,bodyweightfitness,posture,flexibility
badcode,21052,shittyprogramming,programminghorror,badcode,deftruefalse
spaceporn,460247,darksky,map_porn,retiringonmars,cosmology,pornoverlords,auroraporn,spaceporn,sfwpornnetwork,newhorizons,starshipporn,astrophotography,spacemusic,rocketlaunches,cosmos,pic,spacevideos,imaginarymod,spacegifs,cern,spaceexploration,planetarysociety,space,nasa,specart,astronomy,imaginarystarscapes,landscapeastro
fastfood,13430,lunch,sushi,hardees,dairyqueen,wawa,90sfastfood,chipotle,hot_dog,cookie,asianeats,fried,healthyfood,pepsi,pizzahut,cheeseburgers,foodporn,grilledcheese,fastfoodwar,fastcasual,tacos,sonicdrivein,subway,fastfood,budgetfood,cocacola,dominos,doner,in_n_outburger,timhortons,streeteats,dessert,food,deltaco,tonightsdinner,wendys,dinnerexchange,blankverse,subwayenthusiasts,bys,sheetz,gems,soda,innout,kidsmeal,snacking,breakfast,deepfried,junkfood,chefit,papajohns,hotsauces,eatwraps,fastfoodhorrorstories,condiments,fishfingers,streetfoodartists,eatsandwiches,talesfromyourserver,bento,energydrinks,mimicrecipes,chickfila,kentuckyfriedchicken,burgerking,tacobell,coffee,wings,unlimitedbreadsticks,pizza,chiliconcarne,smoothies,qdoba,appetizers,carlsjr,drpepper,frozencustard,hotdogs,grease,talesfromthekitchen,dealsonfood,popeyes,olivegarden,80sfastfood,askculinary,streetfood,burgers,doener,mcnuggets,mcdonalds,talesfromthepizzaguy,concession_stands,foodtrucks,icecream,eatcheapandhealthy,pandaexpress,fooddev,kitchenconfidential,barista,cooking,starbucks,chickennuggets,condimentpackets,eattit,talesfromfastfood,spicy,bacon,pizzadrivers,cheese,restaurant,askfastfoodemployees,foodnews,dunkindonuts,topsecretrecipes,whataburger,mustard,sandwiches,fastfoodreview,kfc
chrome,34738,bookmarklets,google,chromium,googletv,chromehumor,chrome,chromecast,samplesize,chrome_extensions,android,googleplus
religion,26884,hinduism,yazidis,elint,sikh,mormon,tellusofyourgods,pagan,trueatheism,redditoncatholicism,philosophy,explorereligion,religiousdebates,christianity,agnostic,zoroastrianism,islam,religion,jehovahswitnesses,satanism,askreligion,protestantism,bahai,communityofchrist,druidism,debatereligion,deism,uureddit,noahide,buddhism,judaism,truechristian,academicreligion_myth,vodou
fringe,12851,sleepyhollowtv,annatorv,almosthuman,parallelworldproblems,otherside,scifi,sciencefiction,fringe
camping,109832,adirondacks,yosemite,wildernessbackpacking,militarygear,appalachiantrail,climbing,flashlight,pacificcresttrail,hiking,shoestring,socalhiking,caving,geartrade,ultralight,minnesotacamping,campingandhiking,teardroptrailers,hammocks,trailmeals,searchandrescue,outdoornetwork,outdoors,guessthatspot,kayaking,backpacking,joshuatree,campinggear,alpinism,slackline,myog,gorving,canyoneering,gopro,yellowstone,bigbendtx
oldmaps,11803,oldnews,geography,arthistory,mapmaking,maps,vexillology,trendingsubreddits,imaginarymaps,worldbuilding,gis,history,medievalhistory,mapporn
supernatural,62753,jensenackles,fandomnatural,funnysupernatural,jaredpadalecki,supernaturalgifs,supernatural,mishacollins
transhumanism,21425,space_settlement,singularity,machinelearning,timereddits,futuristpolitics,postearth,transhuman,futureworldproblems,thevenusproject,robotics,cosmology,reddittothefuture,nootropics,neurophilosophy,spaceflight,redditspaceinitiative,futurology,lojban,imaginarytechnology,spacevideos,asktechnology,singularitynetwork,starparty,cyborgs,artificial,futurism,tothemoon,automate,retrofuturism,singularitarianism,cyberpunk,transhumanism,futureporn
sales,25008,sales
lucifer,10236,gotham,supergirltv,dccomics,lucifer,legendsoftomorrow,constantine,izombie,flashtv,television,laurengerman,arrow
technews,23666,insidernews,cameras,playstation,tech,computerscience
boardwalkempire,10181,fargotv,boardwalkempire,thesopranos,breakingbad,houseofcards,television,haltandcatchfire,burnnotice,thewire,spartacus_tv,sonsofanarchy,hannibal,dexter,fringe,blacksails,boardwalkcirclejerk,peakyblinders,orangeisthenewblack,sherlock,thewalkingdead,truedetective,hbo,madmen,thewestwing,trueblood,episodehub,luck,americanhorrorstory,gameofthrones,treme
charcuterie,21074,sausagetalk,eatsandwiches,sousvide,pickling,food,recipes,tonightsdinner,meat,japanesefood,cooking,bbq,vegrecipes,pressurecooking,shittyaskcooking,foodporn,charcuterie,spicy,vitamix,offal,todayiate,cookmesomething,smoking,fromscratch,canning
businesshub,12079,stockmarket,academiceconomics,personalfinance,econpapers,economics,investing,invest,neshalchanderman,economichistory,valueinvesting,econbooks,quant,business,financialplanning,ladybusiness,entrepreneur,securityanalysis,credit,cfa,economy,kickstarter,stocks,hwstartups,portfolios,behavioraleconomics,smallbusiness,finance
colorization,35998,colorizedhistory,photoshoprequest,colorization,historyporn,colorizationrequests,picrequests,thewaywewere,photoshopbattles,colorizationnsfw,gfycatdepot,estoration,oldschoolcool
behavioraleconomics,15326,gametheory,neurophilosophy,nonaustrianeconomics,economichistory,neuro,heterodoxeconomics,philosophyofscience,psychology,nonverbalcomm,econpapers,depthhub,sciencenetwork,neuropsychology,economics,ecologicaleconomics,behavioranalysis,c8b0
shoestring,32237,urbansurvivalism,travel,bushcraft,travelpartners,simpleliving,frugal,shoestring,travelphotos,ultralight,campingandhiking,vandwellers,trailmeals,budgetfood,backpacking,frugaltravelgear,takeusonajourney,tourguide,myog,longtermtravel,askacountry,traveltales,solotravel
dailyprogrammer,124070,dailyprogrammer,dailyprogrammer_ideas
awwducational,223646,creatures_of_earth,weirdanimals,animaltextgifs,wolves,lynxes,birdfacts,animalreddits,heresafunfact,foxes,biology,sloths,eyebleach,tellmeafact,batfacts,pimpcats,sharks,animalporn,curiousvideos,marinebiologygifs,naturegifs,tapirs,palatecleanser,delightfullyannoyed,likeus,turtlefacts,kellawwggs,inspirationscience,polarbears,green,koalas,ewwducational,bearswaving,dogpictures,bunniesstandingup,educativevideos,sciencefacts,education,redpandas,awwducational,nature
plantbaseddiet,15729,veganrecipes,veganexchange,raw,rich_roll,vegandoctors,veg,askvegans,vegetarianism,vegrecipes,vegan,vegproblems
casualconversation,244656,gifrecipes,spaceship_earth,animalbloopers,congratslikeimfive,tbh,gfd,wholesomememes,karmacourt,seriousconversation,self,casualconversation,worldwonders,redditoriagov,casualdraw,lanfest,ideasforcc,legaladvice,meetnewpeoplehere,gaming4gamers,maketeenfriends,thinking
theflash,16207,captainboomerang,youngjustice,comicbooks,supergirltv,dccomics,superman,batman,thereverseflash,wonderwoman,legendsoftomorrow,lanterncorps,captaincold,flashtv,aquaman,theflash,arrow
homebrewing,144136,homebrewing,brewgearfs,grainfather,mead,firewater,thebrewery,thehopyard,winemaking,cerveceros,cider
darknetplan,43551,hyperboria,privacy,tor,torrents,hocnet,uncensorship,darknetplanhw,darknetplan
entrepreneur,329649,shutdown,contentstrategist,businesshub,cottage_industry,mutualcollaboration,startups,socialmedia,inventions,bookkeeping,business,stocknews,entrepreneurridealong,growmybusiness,ladybusiness,sales,entrepreneur,accounting,tax,hwstartups,digitalnomad,venturecapital,socialpreneur,motivation,marketing,sideproject,smallbusiness,finance,consulting
basicincome,42099,socialism,basicincomecanada,financialindependence,permaculture,economics,robotics,unitedwestand,technostism,basicincomeireland,futurology,biv,socialdemocracy,homeless,fairshare,sustainability,libertarian,basicincomeusa,postscarcity,green,pirateparty,basicincomeuk,rentabasica,automate,grundeinkommen,geolibertarianism,basicincomeeurope,basicincomesweden,anticonsumption,basicincomeactivism,revenudebase,georgism,cryptoubi,aihub,futuristparty,basicincome,greenparty
cryptography,11075,compsci,bitcoin,intelligence,codes,privacy,math,breakmycode,crypto
cheese,16753,tea,cheesemaking,coffee,imaginaryfood,beer,food,fermentation,wine,foodporn,grilledcheese
geology,38473,volcanology,physics,fossilid,paleonews,mining,weather,sciencenetwork,science,prospecting,geologycareers,whatsthisrock,archaeology,paleoclimate,rockhounds,paleontology
biochemistry,11741,biochemistry,drugdevelopment,physics,biology,microbiology,epigenetics,chemhelp,learnbioinformatics,scientificresearch,labsafety,askscience,gerontology,chemicalreactiongifs,genetics,evolution,chemistry,pharmacology,labrats,foodnerds,science,bioinformatics
talesfromyourserver,86658,talesfromthepharmacy,talesfromcallcenters,talesfromyourserver,talesfromthekitchen,talesfromthepizzaguy,talesfromtechsupport,talesfromretail,talesfromthecustomer,talesfrompublictrans,open_questiontipping_on_takeout_i_dont_but_i_feel
freedesign,10010,photoshoprequest,design_critiques,logo_critique,nonprofitprojects,web_design,photoshopbattles,graphic_design,ineedadesign,battleshops,freedesign,design
thewire,28192,thewire
frugal,739973,frugal
findareddit,69806,nsfw411,findareddit
madmen,41695,madmen,you_can_now_edit_your_own_flair
loremasters,12204,imaginarylandscapes,pathfinder_rpg,rpg,lfg,scifiwriting,mapmaking,dungeonsanddragons,dnd,characterconcepts,adnd,shadowrun,battlemaps,pathfinderrpg,roll20lfg,theartifice,faterpg,fantasywriters,worldbuilding
computertechs,20215,mobilerepair,techsupport,netsec,sysadmin,talesfromtechsupport,24hoursupport,networking,network,computerdiy,malware,computertechs,buildapc,girlsgonewired,cracker
fantheories,410640,asksciencefiction,harrypotter,lv426,shittyfantheories,fantheories,daystrominstitute,zeldaconspiracies,lambdaconspiracies,firefly,plotholes,trailers,thehobbit,pokemonconspiracies,asoiaf
imaginarystarscapes,22047,imaginarymechs,imaginarywaterfalls,imaginaryfood,comicbookporn,alternativeart,imaginaryastronauts,imaginaryworlds,imaginaryinteriors,imaginaryairships,imaginarytrees,icandrawthat,imaginarylovers,imaginaryaetherpunk,imaginarytamriel,imaginarywinterscapes,epicmounts,imaginaryskyscapes,imaginarydwellings,imaginarydragons,imaginarymonuments,spacequestions,imaginarywildlands,imaginarydieselpunk,imaginaryportals,imaginarycarnage,imaginaryruins,imaginarybestof,imaginaryvampires,imaginarytaverns,imaginaryweaponry,imaginarytemples,imaginarycaves,imaginaryasylums,imaginarylesboners,imaginarywerewolves,wallpapers,imaginaryartifacts,imaginarymythology,imaginarywarriors,imaginaryelementals,imaginaryarrakis,imaginarygotham,imaginaryknights,imaginaryseascapes,imaginarycanyons,astronomy,imaginarypathways,imaginaryoverwatch,imaginaryvolcanoes,imaginarycolorscapes,imaginarysteampunk,imaginarybattlefields,imaginaryforests,imaginarybehemoths,imaginaryanime,imaginaryvessels,moescape,imaginaryjedi,imaginarybeasts,imaginarypolitics,imaginaryarchitecture,imaginaryautumnscapes,imaginaryninjas,imaginaryspidey,imaginaryassassins,imaginaryhogwarts,imaginaryworldeaters,imaginaryazeroth,imaginarymindscapes,imaginaryaww,imaginaryanimals,imaginaryfashion,imaginarylakes,imaginaryvikings,imaginaryclerics,imaginarymountains,imaginarypirates,imaginarywesteros,armoredwomen,imaginaryislands,imaginaryorcs,imaginarymaps,imaginarydinosaurs,imaginarycybernetics,imaginaryscience,imaginarywestworld,imaginarybooks,art,imaginarygatherings,imaginarytrolls,imaginarywalls,imaginaryboners,unusualart,nasa,imaginarycityscapes,specart,imaginaryrivers,imaginarydemons,imaginarystarscapes,imaginaryhumans,imaginaryleviathans,imaginarymasseffect,futureporn,imaginarymarvel,imaginaryfuturism,imaginaryweather,imaginaryooo,imaginaryaliens,imaginarymonstergirls,reasonablefantasy,imaginaryturtleworlds,imaginarytowers,imaginarybodyscapes,adorabledragons,spacesimgames,imaginarydwarves,sympatheticmonsters,imaginarygiants,imaginaryhorrors,imaginaryarmor,ebonyimagination,imaginaryfactories,starshipporn,craftsoficeandfire,imaginarydisney,imaginarywitcher,zodiacart,imaginarygaming,imaginarywarhammer,imaginaryangels,imaginaryfuturewar,imaginarycyberpunk,imaginaryderelicts,imaginarysoldiers,imaginarywastelands,imaginarywarships,imaginaryswamps,jupiters,imaginarymiddleearth,imaginarywizards,imaginarynobles,imaginarygoblins,imaginaryvehicles,imaginaryfamilies,birdsforscale,imaginarynetwork,imaginaryrobotics,imaginaryfaeries,imaginarynewnewyork,imaginarycastles,imaginarystash,imaginarycentaurs,imaginaryvillages,imaginaryundead,imaginaryelves,imaginarylibraries,comicbookart,imaginarygallifrey,imaginaryscholars,imaginarywitches,imaginaryhellscapes,inegentlemanboners,spaceporn,imaginaryhistory,imaginarymutants,imaginaryequestria,imaginarynatives,imaginaryladyboners,imaginarykanto,apocalypseporn,imaginaryfeels,imaginaryarchers,imaginarygnomes,imaginaryhybrids,imaginaryspirits,imaginaryaviation,imaginaryhalo,gameworlds,popartnouveau,space,imaginarymerfolk,imaginarypropaganda,imaginaryprisons,imaginarydc,imaginarydeserts,backgroundart,imaginarycowboys,imaginarywtf,imaginarystarships,imaginaryimmortals,imaginarygayboners,illbeyourguide,imaginaryfallout,isometric
iosgaming,44148,ipad,iphone,apphookup,iosgaming,iemulators,apple,iphoneography,appletv
seinfeld,63860,veep,elainebenes,redditwritesseinfeld,seinfeldgifs,curbyourenthusiasm,seinfeldtrivia,kramergifs,television,seinfeldquotes,curb,georgegifs
nsaleaks,15199,netsec,hyperboria,tails,wikileaks,gnupg,procss,crypto,privacytoolsio,snowden,privacy,freenet,cryptocurrency,hocnet,restorethefourth,nsaleaksbot,intelligence,nsaleaks,stallmanwasright,i2p,tor,meshnet,darknetplan,onions
fermentation,13716,kefir,cider,homebrewing,pickling,fermentation,kombucha,fromscratch,winemaking,kimchi,canning,breadit
regularshow,23186,regularshow,rickandmorty,adultswim,regular_show_comic_1_discuss_thread,adventuretime,gumball,x500,toonami,cartoonnetwork,kidsnextdoor
nathanforyou,11928,
statistics,42272,nbaanalytics,compsci,rstats,probabilitytheory,homeworkhelp,machinelearning,askstatistics,oncourtanalytics,opendata,statistics,sportsanalytics,computerscience,sas,econometrics,datasets,dataisbeautiful
somethingimade,123177,crafts,diy,somethingimade
dundermifflin,284667,louie,eastboundanddown,boardwalkempire,americandad,xfiles,arresteddevelopment,burnnotice,thewire,workaholics,thekilling,futurama,doctorwho,adultswim,suits,archerfx,scrubs,hbo,theleaguefx,happyendings,theoriginals,themiddle,iasip,angel,himym,modern_family,firefly,usanetwork,aquajail,gameofthrones,marriedwithchildren,newgirl,tipofmytongue,boredtodeath,farscape,entourage,sonsofanarchy,cordcutting,dexter,fringe,beavisandbutthead,trailerparkboys,cbs_mom,theexpanse,schruteprotips,bobsburgers,kingofthehill,robotchicken,suburgatory,familyguy,thewestwing,dollhouse,mylittlepony,tvmemes,revenge,thesimpsons,ifyoulikeblank,fallingskies,mash,alphas,awake,community,30rock,howyoudoin,stargate,that70sshow,venturebros,bsg,lost,malcolminthemiddle,shield,pandr,tobyistheworst,xena,samandcat,babylon5,mynameisearl,666parkavenue,patientwatchers,gameshow,televisionquotes,southpark,wilfred,bones,dundermifflin,bigbangtheory,upallnight,episodehub,netflixbestof,americanhorrorstory,arrow,seinfeld,breakingbad,nashvilletv,television,supernatural,thefollowing,thegoldbergs,revolutionnbc,adventuretime,creedthoughts,alcatraz,icarly,whoselineisitanyway,raisinghope,tvgifs,thewalkingdead,nbc,startrek,madmen,trueblood,eureka,victorious
beekeeping,29316,farming,insects,entomology,livingofftheland,selfsufficiency,homestead,mead,homesteading,seedstock,environment,honey,beeporn,bees,bugkeeping,livestock,vermiculture,gardenwild,beekeeping,antworld,gardening
rats,28603,chinchilla,pets,gerbil,hamsters,petmice,prairiedogs,rats,squirrels
bitcoinmarkets,45121,bitcoinmarkets
lifeprotips,13203662,diy,howto,todayilearned,lifeprotips,knowyourshit,youshouldknow
whatsthisbug,60311,awwnverts,mantids,tarantulas,entomology,medicalentomology,pestcontrol,spiders,species,whatsthisbug,whatsthisplant,mycology,invasivespecies,bedbugs,animalid
sympatheticmonsters,40495,epicmounts,reasonablefantasy,imaginaryturtleworlds,adorabledragons,imaginarypets,imaginaryaww,popartnouveau,imaginaryfeels
lfg,24924,gamerpals,lfg,dndnl,rpg
iphone,307963,iphonehelp,ipad,iphone,iosgaming,jailbreak,apphookup,iosbeta,appleswap,siri,iwallpaper,ipod,iphoneography
louie,11625,louie,eastboundanddown,ninjawarrior,boardwalkempire,americandad,xfiles,arresteddevelopment,burnnotice,covertaffairs,thewire,workaholics,royalpains,thekilling,futurama,doctorwho,hawaii50,warehouse13,adultswim,suits,archerfx,scrubs,hbo,theleaguefx,happyendings,theoriginals,themiddle,iasip,angel,himym,modern_family,firefly,usanetwork,aquajail,gameofthrones,marriedwithchildren,newgirl,araragi,tipofmytongue,justified,boredtodeath,farscape,entourage,sonsofanarchy,cordcutting,dexter,fringe,beavisandbutthead,trailerparkboys,cbs_mom,bobsburgers,kingofthehill,thesoup,robotchicken,suburgatory,familyguy,fairlylegal,thewestwing,dollhouse,mylittlepony,louisck,revenge,thesimpsons,ifyoulikeblank,fallingskies,mash,alphas,awake,community,30rock,howyoudoin,stargate,that70sshow,venturebros,bsg,lost,malcolminthemiddle,shield,pandr,xena,grimm,samandcat,babylon5,mynameisearl,hell_on_wheels,666parkavenue,patientwatchers,gameshow,southpark,wilfred,bones,dundermifflin,bigbangtheory,upallnight,episodehub,netflixbestof,americanhorrorstory,monk,arrow,seinfeld,breakingbad,nashvilletv,television,supernatural,whitecollar,thefollowing,thegoldbergs,revolutionnbc,castletv,adventuretime,alcatraz,icarly,livefromnewyork,raisinghope,tvgifs,thewalkingdead,startrek,psych,madmen,trueblood,eureka,tyrant,victorious
everymanshouldknow,326262,truegentlemen,diy,malelifestyle,blacksmithing,welding,shittydiy,metalworking,survival,everymanshouldknow,everywomanshouldknow,everygeekshouldknow,mechanicadvice,youshouldknow
meat,18047,eatsandwiches,tauberian
veganfoodporn,15624,veganism,veganrecipes,subreddit,vegangifrecipes,veganize,vegan,planetbaseddiet,frugalvegan
laptops,10137,windows,battletops,techsupport,technology,computers,laptops,windows8,apple,laptopama,battlestations,suggestalaptop,windows10,hardware
hannibaltv,24072,veep,sleepyhollowtv,bryanfullertv,madmen,hannibaltv,derek,episodehub,thefollowing,criminalminds,thekilling,theboondocks,serialkillers,television,truedetective,whowouldwininafight,nbc,vikingstv,dexter,raydonovan
louisck,11661,louie
survival,110252,alonetv,vedc,wildernessbackpacking,edc,bushcraft,fishing,foraging,survivaleurope,flashlight,paracordprojects,hiking,trappit,survivalgearporn,geartrade,animaltracking,workboots,campingandhiking,paleoskills,bushcraftuk,hammocks,camping,survival,axecraft,outdoors,knifeclub,stormcoming,campinggear,guns,myog,paracord,ems,hunting
microbiology,13791,biochemistry,medicine,neurology,botany,enzymes,epidemiology,askscience,epigenetics,forensics,science,biology,evolution,hematology,influenza,microbiome,pathology,species,microbiology,bioinformatics,medlabprofessionals
mycology,47723,slimemolds,mycoporn,mushroomporn,inspirationscience,mycology,invasivespecies,mushroomgrowers,gardening
talesfromcallcenters,32372,customerservicekarma,talesfromcallcenters,callcentres
scholar,31508,highereducation,scholar,laymanjournals,lectures
fffffffuuuuuuuuuuuu,751295,adviceanimals,f7u12_ham,fffffffuuuuuuuuuuuu,metarage,ragenovels
askanthropology,38506,askanthropology
imaginarybattlefields,22501,imaginarymechs,imaginarywaterfalls,imaginaryfood,comicbookporn,alternativeart,imaginaryastronauts,imaginaryworlds,imaginaryinteriors,imaginaryairships,imaginarytrees,icandrawthat,imaginarylovers,imaginaryaetherpunk,imaginarytamriel,imaginarywinterscapes,epicmounts,imaginaryskyscapes,imaginarydwellings,imaginarydragons,imaginarymonuments,imaginarywildlands,imaginarydieselpunk,imaginaryportals,imaginarycarnage,imaginaryruins,imaginarybestof,imaginaryvampires,imaginarytaverns,imaginaryweaponry,destructionporn,imaginarytemples,imaginarycaves,imaginaryasylums,imaginarylesboners,imaginarywerewolves,wallpapers,imaginaryartifacts,imaginarymythology,imaginarywarriors,imaginaryelementals,imaginaryarrakis,imaginarygotham,imaginaryknights,imaginaryseascapes,imaginarycanyons,imaginarypathways,imaginaryoverwatch,imaginaryvolcanoes,imaginarycolorscapes,imaginarysteampunk,imaginarybattlefields,imaginaryforests,imaginarybehemoths,imaginaryanime,imaginaryvessels,moescape,imaginaryjedi,imaginarybeasts,wallpaper,imaginarypolitics,imaginaryarchitecture,imaginaryautumnscapes,imaginaryninjas,imaginaryspidey,imaginaryassassins,imaginaryhogwarts,imaginaryworldeaters,imaginaryazeroth,imaginarymindscapes,imaginaryaww,militaryporn,imaginaryanimals,imaginaryfashion,imaginarylakes,imaginaryvikings,imaginaryclerics,imaginarymountains,imaginarypirates,imaginarywesteros,armoredwomen,battlepaintings,imaginaryislands,imaginaryorcs,imaginarymaps,imaginarydinosaurs,imaginarycybernetics,imaginaryscience,imaginarywestworld,imaginarybooks,art,imaginarygatherings,imaginarytrolls,imaginarywalls,imaginaryboners,unusualart,imaginarycityscapes,specart,imaginaryrivers,imaginarydemons,imaginarystarscapes,imaginaryhumans,imaginaryleviathans,imaginarymasseffect,futureporn,imaginarymarvel,imaginaryfuturism,imaginaryweather,imaginaryooo,treknobabble,imaginaryaliens,imaginarymonstergirls,reasonablefantasy,imaginaryturtleworlds,tankporn,imaginarytowers,imaginarybodyscapes,adorabledragons,imaginarydwarves,sympatheticmonsters,imaginarygiants,imaginaryhorrors,imaginaryarmor,ebonyimagination,imaginaryfactories,starshipporn,craftsoficeandfire,imaginarydisney,imaginarywitcher,zodiacart,imaginarygaming,imaginarywarhammer,imaginaryangels,imaginaryfuturewar,imaginarycyberpunk,imaginaryderelicts,imaginarysoldiers,imaginarywastelands,imaginarywarships,imaginaryswamps,imaginarymiddleearth,imaginarywizards,imaginarynobles,imaginarygoblins,imaginaryvehicles,imaginaryfamilies,birdsforscale,imaginarynetwork,imaginaryrobotics,imaginaryfaeries,imaginarynewnewyork,imaginarycastles,imaginarystash,imaginarycentaurs,imaginaryvillages,imaginaryundead,imaginaryelves,imaginarylibraries,comicbookart,imaginarygallifrey,imaginaryscholars,imaginarywitches,imaginaryhellscapes,inegentlemanboners,imaginaryhistory,imaginarymutants,imaginaryequestria,imaginarynatives,imaginaryladyboners,imaginarykanto,apocalypseporn,imaginaryfeels,imaginaryarchers,imaginarygnomes,imaginaryhybrids,imaginaryspirits,imaginaryaviation,imaginaryhalo,gameworlds,popartnouveau,imaginarymerfolk,imaginarypropaganda,imaginaryprisons,imaginarydc,imaginarydeserts,backgroundart,imaginarycowboys,imaginarywtf,imaginaryimmortals,imaginarystarships,imaginarygayboners,illbeyourguide,imaginaryfallout,isometric
startups,210656,shutdown,hwstartups,growmybusiness,venturedcapital,startups,reddit,entrepreneur,business,marketing,iama,startupaccelerators,sideproject,telecommuting,alphaandbetausers,smallbusiness,kickstarter
culinaryporn,17436,food,wallpaper,newreddits,pornoverlords,itookapicture,sfwpornnetwork,youcantbeserious,bugwars,pics,cooking,misc,royaltyfree,verypunny,subredditoftheday,multireddit,incredibleindia,redditlists,wallpapers,findareddit,obscuresubreddits,anythinggoespics,culinaryporn,microwaveporn
appletv,21454,ipad,iphone,apphookup,applewatch,apple,appletv
topgear,177432,carporn,cartalk,cars,topgear,drifting,classiccars,britishtv,thegrandtour
design_critiques,27728,
vegangifrecipes,16540,veganrecipes,veganfoodporn,vegan
fromscratch,18110,sodamaking,livingofftheland,dessert,winemaking,breadit,simpleliving,homebrewing,frugal,vinegar,fermentation,canning,pizza,pressurecooking,roasting,charcuterie,spicy,slowcooking,cheesemaking,askculinary,fromscratch,condiments,gardening
tax,13757,cantax,personalfinance,taxpros,accounting,legaladvice
newgirl,15027,newgirl
solar,19106,solar,solardiy
pagan,15118,heathenry,hellenicpolytheism,kemetic,anahuac,kemeticism,rodnovery,romanpaganism,sumer,wicca,paganacht,reconreligions,pagan,druidism,dionysus
pathfinder_rpg,40809,pathfinder_rpg,rpg,tabletop,2012,adventurecardgame,brickman1444,pathfinderonline,pathfinder_acg,3d6,pathjammer,pathfinder,lfg,adventurefinder
bodyweightfitness,491567,gainit,overcominggravity,antranik,loseit,fitness,poledancing,bodyweightfitness,bwfmemes,flexibility
windows,65787,windows,techsupport,surface,excel,android,apple,windowsmobile,xboxone,microsoftteams,windowsinsiders,windows10,windowsapps
youtube,84118,channelwatch,youtube,videos,youtubeclassics,ytpl,youtubecomments,partneredyoutube,showsonyt,deepintoyoutube,youtubegaming,ryoutube_subreddit_rules_please_read_before,youtubers
whatsthisplant,40363,botany,foraging,whatsthisbird,whatsthisbug,gardening,whatsthisplant,berries,whatisthisthing,mycology,whatsthisrock,invasivespecies,animalid,botanicalporn,outdoor
userexperience,21547,crappydesign,hci,usability,ixd,web_design,userexperience,design
imaginarybestof,15729,imaginarymechs,imaginarywaterfalls,imaginaryfood,comicbookporn,alternativeart,imaginaryastronauts,imaginaryworlds,imaginaryinteriors,imaginaryairships,imaginarytrees,icandrawthat,imaginarylovers,imaginaryaetherpunk,imaginarytamriel,imaginarywinterscapes,epicmounts,imaginaryskyscapes,imaginarydwellings,imaginarydragons,imaginarymonuments,imaginarywildlands,imaginarydieselpunk,imaginaryportals,imaginarycarnage,imaginarybestof,imaginaryruins,imaginaryvampires,imaginarytaverns,imaginaryweaponry,imaginarytemples,imaginarycaves,imaginaryasylums,imaginarylesboners,imaginarywerewolves,wallpapers,imaginaryartifacts,imaginarymythology,imaginarywarriors,imaginaryelementals,imaginaryarrakis,imaginarygotham,imaginaryknights,imaginaryseascapes,imaginarycanyons,imaginarypathways,imaginaryoverwatch,imaginaryvolcanoes,imaginarycolorscapes,imaginarysteampunk,imaginarybattlefields,imaginaryforests,imaginarybehemoths,imaginaryanime,imaginaryvessels,moescape,imaginaryjedi,imaginarybeasts,imaginarypolitics,imaginaryarchitecture,imaginaryautumnscapes,imaginaryninjas,imaginaryassassins,imaginaryhogwarts,imaginaryworldeaters,imaginaryazeroth,imaginarymindscapes,imaginaryaww,imaginaryanimals,imaginaryfashion,imaginarylakes,imaginaryvikings,imaginaryclerics,imaginarymountains,imaginarypirates,imaginarywesteros,armoredwomen,imaginaryislands,imaginaryorcs,imaginarymaps,imaginarydinosaurs,imaginarycybernetics,imaginaryscience,imaginarybooks,art,imaginarygatherings,imaginarytrolls,imaginarywalls,imaginaryboners,unusualart,imaginarycityscapes,specart,imaginaryrivers,imaginarydemons,imaginarystarscapes,imaginaryhumans,imaginaryleviathans,imaginarymasseffect,futureporn,imaginarymarvel,imaginaryfuturism,imaginaryweather,imaginaryooo,imaginaryaliens,imaginarymonstergirls,reasonablefantasy,imaginaryturtleworlds,imaginarytowers,imaginarybodyscapes,imaginarypets,adorabledragons,imaginarydwarves,sympatheticmonsters,imaginarygiants,imaginaryhorrors,imaginaryarmor,ebonyimagination,imaginaryfactories,starshipporn,craftsoficeandfire,imaginarydisney,imaginarywitcher,zodiacart,imaginarygaming,imaginarywarhammer,imaginaryangels,imaginaryfuturewar,imaginarycyberpunk,imaginaryderelicts,imaginarysoldiers,imaginarywastelands,imaginarywarships,imaginaryswamps,imaginarymiddleearth,imaginarywizards,imaginarynobles,imaginarygoblins,imaginaryvehicles,imaginaryfamilies,birdsforscale,imaginarynetwork,imaginaryrobotics,imaginaryfaeries,imaginarynewnewyork,imaginarycastles,imaginarystash,imaginarycentaurs,imaginaryvillages,imaginaryundead,imaginaryelves,imaginarylibraries,comicbookart,imaginarygallifrey,imaginarywitches,imaginaryscholars,imaginaryhellscapes,inegentlemanboners,imaginaryhistory,imaginarymutants,imaginaryequestria,imaginarynatives,imaginaryladyboners,imaginarykanto,apocalypseporn,imaginaryfeels,imaginaryarchers,imaginarygnomes,imaginaryhybrids,imaginaryspirits,imaginaryaviation,imaginaryhalo,popartnouveau,imaginarymerfolk,imaginarypropaganda,imaginaryprisons,imaginarydc,imaginarydeserts,backgroundart,imaginarycowboys,cyberbooty,imaginarywtf,imaginaryimmortals,imaginarystarships,imaginarygayboners,illbeyourguide,imaginaryfallout,isometric
zerowaste,18387,selfsufficiency,homestead,cordcutters,homeimprovement,mealprepsunday,recycling,permaculture,vegan,nopoo,lowcar,foraging,declutter,diy,earthscience,simpleliving,frugal,homesteading,dumpsterdiving,sustainability,ultralight,environmental_science,composting,greenhouses,nobuy,childfree,aquaponics,clothdiaps,waste,tinyhouses,zerowaste,green,plantbaseddiet,anticonsumption,vegetarian,environment,minimalist,upcycling,buyitforlife,solarpunk,vermiculture,minimalism,gardening
battlestations,341871,printers,diy,battletops,unixporn,retrobattlestations,laptops,gadgets,geektool,macsetups,battlestations,hackedgadgets,averagebattlestations,customization,desktops,wallpapers,shittybattlestations,buildapc,rainmeter,askbattlestations,simstation
griptraining,29703,bjj,bodybuilding,bouldering,climbharder,fitness,powerlifting,weightroom,climbing,jeddjohnson,parkour,kettlebell,judo,how_to_make_your_own_pinch_block_and_loading_pin,griptraining,martialarts,forearmporn,griptrade,powerbuilding,gymnastics,bodyweightfitness,crossfit,strongman,homegym,gainit,armwrestling,steelbending,iron
makingamurderer,58905,supermam,stevenaveryisguilty,hivemindmam,ticktockmanitowoc,theoryofmam,makingamurderer,serialpodcast
eatsandwiches,76899,streeteats,eatsandwiches,food,recipes,tonightsdinner,sourdough,breadit,meat,cocktails,foodporn,grilledcheese,appetizers,charcuterie,spicy,fastfood,putaneggonit,officelunch,eatwraps,burgers,steak,condiments
goats,11766,
ausfinance,16441,nahojjjen,australia,auslaw,fiaustralia,australianpolitics,ausfinance
turtlefacts,17742,rarepuppers,tortoise,catfacts,likeus,turt_irl,shittyturtlefacts,birdfacts,turtlefacts,imaginaryturtleworlds,awkwardtheturtle,sciencefacts,tellmeafact,awwducational,turtle,batfacts
bushcraft,37157,selfsufficiency,survive,homestead,wildernessbackpacking,appalachiantrail,primitivetechnology,permaculture,bushcraft,foraging,simpleliving,shoestring,ultralight,animaltracking,campingandhiking,hammocks,camping,survival,axecraft,outdoors,knapping,backpacking,alpinism,myog
wallpapers,421771,photoshoprequest,wqhd_wallpaper,mobilewallpaper,hi_res,desktops,slashw,wallpaper,wallpaperrequests,earthview,musicwallpapers,amoledbackgrounds,gmbwallpapers,help,desktoplego,tallwalls,iwallpaper,rainmeter,imaginarymod,quotesporn,comicwalls,nocontext_wallpapers,livingbackgrounds,offensive_wallpapers,help2,wallpapers,wallpaperdump,widescreenwallpaper,multiwall,rwallpaperchanger,imaginarylandscapes,unixporn,specart,backgroundart,verticalwallpapers,nsfw_wallpapers,triplescreenplus,animewallpaper,wallpaperpacks
wallpaperdump,30881,1600x900wallpapers,comicwalls,comicbookporn,wallpaper,desktoplego,wallpapers,wallpaperdump,nsfw_wallpapers,wallpaperpacks
legaladvice,264979,legaladviceofftopic,auslegal,legaladviceuk,legaladvice,bestoflegaladvice
running,323224,crosscountry,runningwithdogs,travelingsinglet,fitness,runningroutes,barefoot,runmeals,trailrunning,sprinting,raceit,parkour,trackandfield,naut,advancedrunning,c25k,b210k,runninglifestyle,amileaday,firstmarathon,artc,mastersrunning,runningmusic,xxrunning,running,hsxc,obstaclecourseracing,barefootrunning,hstrack,runwild,adventureracing
papertowns,34999,oldmaps,imaginarycityscapes,geography,cityporn,mapmaking,imaginarymaps,map_porn,paperfolks,papertowns,mapporn
strangerthings,138006,alteredcarbon,lostinspace,strangerthings,glow,thepunishernetflix
isitbullshit,31732,
climbing,108742,yosemite,iceclimbing,bouldering,climbharder,climbergirls,soupyhands,climbing,buildering,competitionclimbing,climbingpartners,climbingporn,tradclimbing,caving,geartrade,campingandhiking,griptraining,climbingcirclejerk,indoorbouldering,outdoors,joshuatree,alpinism,mountaineering,adventures,slackline,climbingvids,canyoneering,routesetters,squamish
gis,17516,gisjobs,oldmaps,urbanplanning,geography,qgis,maps,mapprojects,geospatial,basins,cad,gis,dataisbeautiful,mapporn
fearthewalkingdead,25459,thewalkingdeadgame,zombies,fearthewalkingdead,thewalkingdead,poster,twd
urbanmyths,21229,skeptic,skinwalkers,bigfoot,creepy_gif,morbidreality,creepygaming,gore,creepy,nosleep,paranormal
smallbusiness,76590,growmybusiness,techsupport,startups,artisangifts,inventions,entrepreneur,dotcom,smallbusiness,advancedentrepreneur,bookkeeping,business,indiebiz
childfree,136852,childfree,cf,sailormercure,cf4cf
marvelstudios,173622,inhumansabc,comicbooks,marvelatfox,agentcarter,defenders,marvel,marvelstudios,marvelmemes,shield,dc_cinematic
cemeteryporn,21367,cemeterycats,funeralhomeporn,talesfromthemortuary,mila_kunis,sfwpornnetwork,picturechallenge,tifu,cemeteryporn,crappygames,creepy,camaro,paranormal,megalithporn,shinythings,paranormalscience,memorialporn,pornoverlords,girlsinstripedsocks,photocritique,findagrave
sushi,36726,pescetarian,sushi,sakeporn,japanesefood,sushiabomination,sushiart,sushipurist,foodporn
shadowrun,16292,shadowchargen,emeraldgrid,sixthworld,hubchargen,shadowhaven,rpg,shadowrunreturns,shadowrunfanfic,shadowruncrossfire,shadowrun,cyberpunk,shadownet,wiki,runbypost,shadowhavenchargen,shr5rcp,lfg,runnerhub
git,14339,
lineageos,18764,lineageos
offensive_wallpapers,61744,intrusivethoughts,cringe,nocontext_wallpapers,imgoingtohellforthis,lolmorbidreality,worstof,4chan,offensive_wallpapers,wallpapers,toosoon,naturegifs
bjj,62300,bjjseminars,bjj,xshowtheartx
thelastairbender,177605,korrathegame,lakelaogai,zhurrick,atlaroleplay,thelastairbender,bendingwallpapers,korrasami,makorra
trueatheism,58571,hinduism,skeptic,elint,depression,islam,atheistvids,atheisthavens,askscience,askphilosophy,buddhism,christianity,debateanatheist,freeatheism,suicidewatch,debateachristian,atheism,debatereligion
destructivereaders,12324,destructivereaders
mars,11154,titania,sedna,space_settlement,asteroid,rhea,tethys,callisto,dione,mars,retiringonmars,pluto,psyche,colonizemars,sun,exomars,pallas,asteroidbelt,charon,oberon_moon,eris,jupiter,umbriel,io,orcus,dwarfplanetmakemake,europa,oortcloud,comets,haumea,mercury,solar_system,curiosityrover,kuiperbelt,dwarfplanetceres,phoebe,quaoar,themarssociety,moon,meteors,io_moon,triton,vesta,salacia,iapetus,planetjupiter,mimas,planetarysociety,enceladus,oberon,neptune,saturn,space_colonization,eros,planetmercury,opportunityrover,ceres,deimos,titan,dysnomia,ariel,phobos,ganymede,earth,planetearth,venus,makemake,uranus
paranormal,147569,skinwalkers,fringescience,letsnotmeet,nightmare,wikileaks,energy_work,astralprojection,paranormal_voices,propaganda,paranormalscience,paranormalhelp,newsoftheweird,333,blackops,intelligence,ufos,askparanormal,creepy,urbanmyths,conspiracy,ghosts,dreams,ghostadventures,nosleep,paranormal,ebes,slender_man
scuba,32889,sailing,water,oceans,freediving,askscience,scubamarket,waterporn,underwaterphotography,whalesharks,conservation,scuba,earthporn
minimalism,264427,rainbowlemon,minimalism
harrypotter,329081,ravenclaw,harrypotter,thefatlady,slytherin,hufflepuff,dueling
philosophy,12071770,philosophy,askphilosophy,reading_group_plan_of_attack,suicidewatch
knowyourshit,16567,lifehacks,sciencefacts,howto,heresafunfact,flatone,todayilearned,lifeprotips,knowyourshit,youshouldknow
foodporn,611185,sexypizza,eatsandwiches,gifrecipes,streeteats,sushi,food,mimicrecipes,eatcheapandhealthy,berries,toast,pornoverlords,microwaveporn,tonightsdinner,whatyoueat,healthyfood,sfwpornnetwork,fooddev,onofffood,pizza,foodhacks,foodporn,charcuterie,collegecooking,spicy,fffffffuuuuuuuuuuuud,worldofpancakes,ironchef,onceamonthcooking,recipeclub,russianfood,cider,cheese,icecreamery,foodvideos,ramen,shittyfoodporn,putaneggonit,askculinary,eatwraps,knightsofpineapple,steak
arrow,72037,dctelevision,gotham,greenarrow,comicbooks,supergirltv,onbenchnow,lucifer,comicbooktv,onetruediggle,powerless,legendsoftomorrow,television,izombie,flashtv,vixencwseed,shield,arrow
hotpeppers,12943,hydro,spicy,smoking,fermentation,whatsthisbug,seedswap,whatsthisplant,hotpeppers,hotsauce,canning,gardening
howto,385063,diy,askmoderators,hvac,fixit,legweed4,how,hownotto,crafts,homeimprovement,lifehacks,easyfix,todayilearned,lifeprotips,usefulvids,cleaningtips,automate
playstation,61119,psp,theordergame,resistance,infamous,persona5,helldivers,fifaps4,thelastofusfactions,trialsfusionps4,ps4,psnshareplay,demonssouls,thelastofus,beyondtwosouls,ps4tournaments,teamico,dokidokiuniverse,dragonscrown,nintendo,wildthegame,psminecraft,subdreddit,sega,gravityrush,starhawk,projectmorpheus,borderlands_ps3,ps3gtav,egttr,letitdie,dust514,playstationvr,playstationplus,vita,ratchetandclank,knack,littlebigplanet,shadowofthebeast,playstationhome,psnfriends,jakanddaxter,persona4golden,ps4clans,untildawn,socom,xbox,driveclub,playstationsolutions,ragnarokodyssey,vue,soulsacrifice,uncharted,psvr,eaufcps4,ps2,playstationnow,d3ps4,mlbtheshow,mag,killzonemercenary,remoteplay,bloodborne,ni_no_kuni,playstation,psbattleroyale,borderlandsvita,soundshapes,killzone,twistedmetal,granturismo,rime,thetomorrowchildren,ps3,vitatv,whiteknightchronicles,nhl4psn,tearaway,trophies,psx,deepdown,allmotorstorm,wipeout,resogun,ps4mods,psbf,godofwar,theplayroom,slycooper
talesfromthepharmacy,19437,talesfromhousekeeping,talesfromthepharmacy,talesfromthekitchen,talesfrombeauty,pharmacy,pharmacymemes,talesfromretail,talesfromthecustomer,talesfromdesigners,privacy,talesfrommedicine,talesfromthestudio,talesfromnurses,talesfromthemuseum,pharmacytechnician,talesfromthemilitary
nosleep,11670773,nosleepaudio,shortscarystories,nosleepworkshops,someothersubreddit,nosleep,nosleepooc
css,27233,php,counterstrike,learncss,reddithax,web_design,snippit,somebodymakethis,css,programbattles,design,csshelp
coupons,49657,contest,singleusecodes,efreebies,ecycle,freebies,coupons,freebietalk
imaginarycolorscapes,17766,imaginarymechs,imaginarywaterfalls,imaginaryfood,comicbookporn,alternativeart,imaginaryastronauts,imaginaryworlds,imaginaryinteriors,imaginaryairships,imaginarytrees,icandrawthat,imaginarylovers,imaginaryaetherpunk,imaginarytamriel,imaginarywinterscapes,epicmounts,imaginaryskyscapes,imaginarydwellings,imaginarydragons,imaginarymonuments,imaginarywildlands,imaginarydieselpunk,imaginaryportals,imaginarycarnage,imaginarybestof,imaginaryruins,imaginaryvampires,imaginarytaverns,imaginaryweaponry,imaginarytemples,imaginarycaves,imaginaryasylums,imaginarylesboners,imaginarywerewolves,wallpapers,imaginaryartifacts,imaginarymythology,imaginarywarriors,imaginaryelementals,imaginaryarrakis,imaginarygotham,imaginaryknights,imaginaryseascapes,imaginarycanyons,imaginarypathways,imaginaryoverwatch,imaginaryvolcanoes,imaginarycolorscapes,imaginarysteampunk,imaginarybattlefields,imaginaryforests,imaginarybehemoths,imaginaryanime,imaginaryvessels,moescape,imaginaryjedi,imaginarybeasts,imaginarypolitics,imaginaryarchitecture,imaginaryautumnscapes,imaginaryninjas,imaginaryassassins,imaginaryhogwarts,imaginaryworldeaters,imaginaryazeroth,imaginarymindscapes,imaginaryaww,imaginaryanimals,imaginaryfashion,imaginarylakes,imaginaryvikings,imaginaryclerics,imaginarymountains,imaginarypirates,imaginarywesteros,armoredwomen,imaginaryislands,imaginaryorcs,imaginarymaps,imaginarydinosaurs,imaginarycybernetics,imaginaryscience,imaginarybooks,art,imaginarygatherings,imaginarytrolls,imaginarywalls,imaginaryboners,unusualart,imaginarycityscapes,specart,imaginaryrivers,imaginarydemons,imaginarystarscapes,imaginaryhumans,imaginaryleviathans,imaginarymasseffect,futureporn,imaginarymarvel,imaginaryfuturism,imaginaryweather,imaginaryooo,imaginaryaliens,imaginarymonstergirls,reasonablefantasy,imaginaryturtleworlds,imaginarytowers,imaginarybodyscapes,imaginarypets,adorabledragons,imaginarydwarves,sympatheticmonsters,imaginarygiants,imaginaryhorrors,imaginaryarmor,ebonyimagination,imaginaryfactories,starshipporn,craftsoficeandfire,imaginarydisney,imaginarywitcher,zodiacart,imaginarygaming,imaginarywarhammer,imaginaryangels,imaginaryfuturewar,imaginarycyberpunk,imaginaryderelicts,imaginarysoldiers,imaginarywastelands,imaginarywarships,imaginaryswamps,imaginarymiddleearth,imaginarywizards,imaginarynobles,imaginarygoblins,imaginaryvehicles,imaginaryfamilies,birdsforscale,imaginarynetwork,imaginaryrobotics,imaginaryfaeries,imaginarynewnewyork,imaginarycastles,imaginarystash,imaginarycentaurs,imaginaryvillages,imaginaryundead,imaginaryelves,imaginarylibraries,comicbookart,imaginarygallifrey,imaginaryscholars,imaginarywitches,imaginaryhellscapes,inegentlemanboners,imaginaryhistory,imaginarymutants,imaginaryequestria,imaginarynatives,imaginaryladyboners,imaginarykanto,apocalypseporn,imaginaryfeels,imaginaryarchers,imaginarygnomes,imaginaryhybrids,imaginaryspirits,imaginaryaviation,imaginaryhalo,popartnouveau,imaginarymerfolk,imaginarypropaganda,imaginaryprisons,imaginarydc,imaginarydeserts,backgroundart,imaginarycowboys,cyberbooty,imaginarywtf,imaginaryimmortals,imaginarystarships,imaginarygayboners,illbeyourguide,imaginaryfallout,isometric
ramen,72627,frugal,cheap_meals,ramen,food,japanesefood,cooking,shittyramen,otaku,japan,pho,budgetfood
homeworkhelp,25155,homeworkhelp,getstudying,favors,samplesize,tutor,proofreading
cisco,13034,meraki,ccda,ccnp,cisco,networking,ccie,ccdp,ccna
