opensource,46046,libredesign,carhacking,software,realestatetechnology,cryptocurrency,tinycode,programming,noip,linux,coolgithubprojects,gnu
tinycode,17718,compsci,algorithms,obfuscatedcode,opensource,codegolf,tinycode,computerscience,proceduralgeneration,creativecoding,dailyprogrammer,puppylinux,coolgithubprojects,dailyscripts
algorithms,31545,programmingchallenges,math,complexsystems,softwarearchitecture,compsci,softwaredevelopment,compilers,datamining,tinycode,askcomputerscience,quant,logic,osdev,coding,cscareerquestions,kernel,crypto,programming,csbooks,systems,dailyprogrammer,learnprogramming,cryptography,sysor,programminglanguages,machinelearning
askcomputerscience,18125,asksciencediscussion,askscience
askscience,14577200,asksciencediscussion,askscience
brasil,142579,selfpromotion,brasil,reddiquette,faq,new,donnutz
proceduralgeneration,19322,graphicsprogramming,gamedev,tinycode,worldbuilding,proceduralgeneration,simulate,genetic_algorithms,cellular_automata
asksciencediscussion,18750,asksciencediscussion,askscience
crypto,46754,algorithms,security,restorethefourth,math,gpgpractice,weboftrust,shittycrypto,compsci,websec,compsec,computerscience,codes,bitcoin,privacypatriots,gpg,nsaleaks,capabilities,crypto,netsec,programming,stanfordcrypto,cryptography,mathematics,cryptocurrency,privacy,intelligence,encryption
computerscience,22490,objectivec,statistics,askengineers,engineeringstudents,learnjava,unix,tinycode,programbattles,computerscience,techsupport,suggestalaptop,engineering,cplusplus,java,dotnet,c_programming,technews,diycompsci,bash,swift,progether
techsupport,113255,answers,computertechs,itcareerquestions,suggestapc,techsupportgore,techsupportmacgyver,suggestalaptop,techsupport,windows,pcgamingtechsupport,professormesser,laptops,networking,buildapc,talesfromtechsupport,homenetworking,24hoursupport
