90sdesign,13590,90s,vaporwaveaesthetics,nickelodeon,crappydesign,graphic_design,designporn,80sdesign,nostalgia,vaporwave,design
vaporwave,64986,mallsoft,vaporwaveaesthetics,futuresynth,seapunk,vintagecomputing,hyperbattle,synthwave,simpsonswave,sadboys,vaporwavecassettes,hauntology,thegalleriapenthouse,nudisco,witchhouse,vintagecgi,80sdesign,vaporwave,plunderphonics,futurefunk,slimepunk,vapormeme,oceangrunge,90sdesign,newretrowave,makingvaporwave,vaporwaveart,gunk,chiptunes,vaporwaveinspiration,bzhk3104,derealizedmusic,glitch_art,chillwave,synthpop,cloudrap,outrun
graphic_design,222457,forhire,freedesign,photoshoprequest,typography,talesfromdesigners,graphic_art,illustration,criticaldesign,designthought,art,freelance,learndesign,visualization,idesignedthis,crappydesign,jobs,designporn,designmemes,design,designjobs,52weeksofdesign,thecreativebusiness,design_critiques,designinspire,adobeillustrator,logodesign,web_design,industrialdesign,motiondesign,product_design,ui_design,design_challenges,identifythisfont,freefonts,logo_critique,ixd,designfreebie,userexperience,photoshopbattles
freelance,45285,webdev,freelanceuk,videography,freelance,agencies,photography,copywriting,graphic_design,jobs,freelancewriters,digitalnomad,translationstudies
vaporwaveaesthetics,57115,retrofuturism,vaporwaveaesthetics,90sdesign,vintagecomputing,vintagecgi,futuresynth,glitch_art,80sdesign,vaporwaveart,vaporwave,cloudrap,vapormeme
newretrowave,13261,xrewxpilau,maniacsynth,cyberpunk_music,futuresynth,luigidonatello,newretrowave,videos,newwave,80selectro,neros77,outrun
designporn,227678,urbanism,idinspiration,comicbookart,designfreebie,architectureporn,furniture,industrialdesign,pornoverlords,crappydesign,graphic_design,designporn,crazystairs,artporn,sfwpornnetwork,architecture
outrun,90747,frenchelectro,hotlinemiami,jdm,elhuervo,horrorsynth,error23_,vaporwaveaesthetics,futuresynth,80smusic,80sversions,synthwave,spacemusic,simpsonswave,disco,new_retro_designers,80sgamecovers,dwtd,outrun_reddit,outruncirclejerk,nudisco,sportscars,ferrari,80sdesign,vaporwave,80selectro,futurefunk,electrohouse,darksynth,lamborghini,vintagejapaneseautos,lofi,synthwaveproducers,ae86,luigidonatello,thewavecave,newretrowave,signalnoise77,nostalgia,sovietwave,pieby2,ensenda,cheapkeys,drive,cyberpunk,electro,nightdriving,turbokid,cyberpunk_music,daftpunk,eurobeat,italodisco,chillwave,80s,citypop,outrun,hazish
cyberpunk,149307,cyberpunk,cyberpunk_music
chiptunes,20742,skweee,renoise,gamemusic,gameboymarketplace,electronicmusic,8bit,chipbreak,gameboy,midimusic,wwcc,chiptunes,demoscene
hotlinemiami,13123,fifty_blessings,hotlinemiami,gottagetagrip,devolverdigital,hotlinemiamimods,releases,hotlinemiamimaps
crappydesign,670088,rainbowbar,hurts_my_eyes,cyborgs,dataisugly,n64,crappymusic,accidentalswastika,mommit,pacman,crappyphotography,nintendogs,crappydesign,sbhj,ageprogresspics,crappyart,engrish,pewdiepie,boof_irl,cyberpunk,mildlyinteresting,memeanimals,bullshitadvertising,softwaregore,dangerousdesign,keming,ooer
